filename,label,text
/Users/krazmic/.cache/kagglehub/datasets/piyushagni5/berlin-database-of-emotional-speech-emodb/versions/1/wav/14a07Wc.wav,angry, In sieben Stunden wird es so weit sein.
/Users/krazmic/.cache/kagglehub/datasets/piyushagni5/berlin-database-of-emotional-speech-emodb/versions/1/wav/10a07Ad.wav,fear, Hinslсяme Stunden werden wir das spotséisig sein!
/Users/krazmic/.cache/kagglehub/datasets/piyushagni5/berlin-database-of-emotional-speech-emodb/versions/1/wav/13a05Ea.wav,disgust," Das schwarze Blattpapier befindet sich da oben, neben dem Holzstück."
/Users/krazmic/.cache/kagglehub/datasets/piyushagni5/berlin-database-of-emotional-speech-emodb/versions/1/wav/14a05Wa.wav,angry," Das schwarze Blattpapier befindet sich da oben, neben dem Holzstück."
/Users/krazmic/.cache/kagglehub/datasets/piyushagni5/berlin-database-of-emotional-speech-emodb/versions/1/wav/14a07Na.wav,neutral, In sieben Stunden wird es so weit sein.
/Users/krazmic/.cache/kagglehub/datasets/piyushagni5/berlin-database-of-emotional-speech-emodb/versions/1/wav/15a05Wa.wav,angry, Das schwarze Blatt Papier befindet sich da oben neben dem Holzstück.
/Users/krazmic/.cache/kagglehub/datasets/piyushagni5/berlin-database-of-emotional-speech-emodb/versions/1/wav/16b10Wb.wav,angry," Die wird auf dem Platz sein, wo wir sie immerhin legen."
/Users/krazmic/.cache/kagglehub/datasets/piyushagni5/berlin-database-of-emotional-speech-emodb/versions/1/wav/09a01Nb.wav,neutral, Der Lappen liegt auf dem Eischrank.
/Users/krazmic/.cache/kagglehub/datasets/piyushagni5/berlin-database-of-emotional-speech-emodb/versions/1/wav/16a01Fc.wav,happy, Der Lappen liegt auf dem Eisschrank.
/Users/krazmic/.cache/kagglehub/datasets/piyushagni5/berlin-database-of-emotional-speech-emodb/versions/1/wav/14a04Ed.wav,disgust, Heute Abend könnte ich es ihm sagen.
/Users/krazmic/.cache/kagglehub/datasets/piyushagni5/berlin-database-of-emotional-speech-emodb/versions/1/wav/11a01Ab.wav,fear, Der Lappen liegt auf dem Eisschrank.
/Users/krazmic/.cache/kagglehub/datasets/piyushagni5/berlin-database-of-emotional-speech-emodb/versions/1/wav/09b02Na.wav,neutral, Sie haben es gerade hochgetragen und jetzt gehen Sie wieder runter.
/Users/krazmic/.cache/kagglehub/datasets/piyushagni5/berlin-database-of-emotional-speech-emodb/versions/1/wav/03a05Nd.wav,neutral, Das schwarze Plattpapier befindet sich da oben neben dem Holzstück.
/Users/krazmic/.cache/kagglehub/datasets/piyushagni5/berlin-database-of-emotional-speech-emodb/versions/1/wav/10a01Ac.wav,fear, Da klappt nicht auf dem Einschrank!
/Users/krazmic/.cache/kagglehub/datasets/piyushagni5/berlin-database-of-emotional-speech-emodb/versions/1/wav/16a04Ab.wav,fear, Heute Abend könnte ich es ihm sagen.
/Users/krazmic/.cache/kagglehub/datasets/piyushagni5/berlin-database-of-emotional-speech-emodb/versions/1/wav/15b02Nd.wav,neutral, Sie haben es gerade hochgetragen und jetzt gehen sie wieder runter.
/Users/krazmic/.cache/kagglehub/datasets/piyushagni5/berlin-database-of-emotional-speech-emodb/versions/1/wav/16b09Wb.wav,angry, Ich will das eben wegbringen und dann mit Kahl was trinken gehen.
/Users/krazmic/.cache/kagglehub/datasets/piyushagni5/berlin-database-of-emotional-speech-emodb/versions/1/wav/08a01Wa.wav,angry, Der Lappen liegt auf dem Eisrank.
/Users/krazmic/.cache/kagglehub/datasets/piyushagni5/berlin-database-of-emotional-speech-emodb/versions/1/wav/09b02Wc.wav,angry, Sie haben es gerade hochgetragen und jetzt gehen Sie wieder runter.
/Users/krazmic/.cache/kagglehub/datasets/piyushagni5/berlin-database-of-emotional-speech-emodb/versions/1/wav/12b09Td.wav,sad, Ich will das eben wegbringen und dann mit kral was trinken gehen.
/Users/krazmic/.cache/kagglehub/datasets/piyushagni5/berlin-database-of-emotional-speech-emodb/versions/1/wav/10b02Aa.wav,fear," Sie haben es gerade hochgetragen, jetzt gehen Sie wieder runter."
/Users/krazmic/.cache/kagglehub/datasets/piyushagni5/berlin-database-of-emotional-speech-emodb/versions/1/wav/16a04Tc.wav,sad, Heute Abend könnte ich es im Sagen.
/Users/krazmic/.cache/kagglehub/datasets/piyushagni5/berlin-database-of-emotional-speech-emodb/versions/1/wav/13b01Wa.wav,angry," Was sind denn das Vertüten, die da unter dem Tisch stehen?"
/Users/krazmic/.cache/kagglehub/datasets/piyushagni5/berlin-database-of-emotional-speech-emodb/versions/1/wav/12b01Wa.wav,angry, Was sind denn das für Typen die da unter dem Tisch stehen?
/Users/krazmic/.cache/kagglehub/datasets/piyushagni5/berlin-database-of-emotional-speech-emodb/versions/1/wav/13b03Na.wav,neutral, An den Wochenenden bin ich jetzt immer nach Hause gefahren und habe Arknis besucht.
/Users/krazmic/.cache/kagglehub/datasets/piyushagni5/berlin-database-of-emotional-speech-emodb/versions/1/wav/12a02Wc.wav,angry, Das will sie ja mitworg abgeben.
/Users/krazmic/.cache/kagglehub/datasets/piyushagni5/berlin-database-of-emotional-speech-emodb/versions/1/wav/16b03Ad.wav,fear, In den Wochenenden bin ich jetzt immer nach Hause gefahren und habe Agnes besucht.
/Users/krazmic/.cache/kagglehub/datasets/piyushagni5/berlin-database-of-emotional-speech-emodb/versions/1/wav/13b03Wc.wav,angry, An den Wochenenden bin ich jetzt immer in der Hause gefahren und habe Agnes besucht.
/Users/krazmic/.cache/kagglehub/datasets/piyushagni5/berlin-database-of-emotional-speech-emodb/versions/1/wav/13b01Nc.wav,neutral," Was sind denn das Vetyten, die da unter dem Tisch stehen?"
/Users/krazmic/.cache/kagglehub/datasets/piyushagni5/berlin-database-of-emotional-speech-emodb/versions/1/wav/15a02Ea.wav,disgust, dass ich will sie am Mittwoch abgegeben.
/Users/krazmic/.cache/kagglehub/datasets/piyushagni5/berlin-database-of-emotional-speech-emodb/versions/1/wav/11a05Td.wav,sad, Das schwarze Blatt Papier befindet sich da oben. Nehmen dem Holzstück.
/Users/krazmic/.cache/kagglehub/datasets/piyushagni5/berlin-database-of-emotional-speech-emodb/versions/1/wav/14a02Ea.wav,disgust, Das will sie am Mittwoch abgeben.
/Users/krazmic/.cache/kagglehub/datasets/piyushagni5/berlin-database-of-emotional-speech-emodb/versions/1/wav/09b03Ed.wav,disgust, An den Wochenenden bin ich jetzt immer nach Hause gefahren und habe Argendes besucht.
/Users/krazmic/.cache/kagglehub/datasets/piyushagni5/berlin-database-of-emotional-speech-emodb/versions/1/wav/13a02Wa.wav,angry, Das will sie am Mittwoch abgeben.
/Users/krazmic/.cache/kagglehub/datasets/piyushagni5/berlin-database-of-emotional-speech-emodb/versions/1/wav/12a02Wa.wav,angry, Das will sie am Mittwoch abgeben.
/Users/krazmic/.cache/kagglehub/datasets/piyushagni5/berlin-database-of-emotional-speech-emodb/versions/1/wav/03b02Wb.wav,angry, Sie haben es gerade hochgetragen und jetzt gehen sie wieder runter.
/Users/krazmic/.cache/kagglehub/datasets/piyushagni5/berlin-database-of-emotional-speech-emodb/versions/1/wav/13a02Nc.wav,neutral, das wir sie am Mittwoch abgeben.
/Users/krazmic/.cache/kagglehub/datasets/piyushagni5/berlin-database-of-emotional-speech-emodb/versions/1/wav/16b10Wa.wav,angry," Die wird auf dem Platz sein, wo wir sie immer hinlegen."
/Users/krazmic/.cache/kagglehub/datasets/piyushagni5/berlin-database-of-emotional-speech-emodb/versions/1/wav/15b01Ec.wav,disgust," Was sind denn das für Tüten, die da unter dem Tisch stehen?"
/Users/krazmic/.cache/kagglehub/datasets/piyushagni5/berlin-database-of-emotional-speech-emodb/versions/1/wav/14a05Wb.wav,angry, Das schwarze Blattpapier befindet sich da oben neben dem Holzstück.
/Users/krazmic/.cache/kagglehub/datasets/piyushagni5/berlin-database-of-emotional-speech-emodb/versions/1/wav/14b02Wd.wav,angry, Sie haben es gerade hochgetragen und jetzt gehen sie wieder runter.
/Users/krazmic/.cache/kagglehub/datasets/piyushagni5/berlin-database-of-emotional-speech-emodb/versions/1/wav/08a01Na.wav,neutral, Der Lappen liegt auf dem Eisschrank.
/Users/krazmic/.cache/kagglehub/datasets/piyushagni5/berlin-database-of-emotional-speech-emodb/versions/1/wav/08a01Wc.wav,angry, Der Lappen liegt auf dem Eis zwang!
/Users/krazmic/.cache/kagglehub/datasets/piyushagni5/berlin-database-of-emotional-speech-emodb/versions/1/wav/11a01Aa.wav,fear, Der Lappen liegt auf dem Eisschrank.
/Users/krazmic/.cache/kagglehub/datasets/piyushagni5/berlin-database-of-emotional-speech-emodb/versions/1/wav/08b02Nb.wav,neutral, Sie haben es gerade hochgetragen und jetzt gehen Sie wieder runter.
/Users/krazmic/.cache/kagglehub/datasets/piyushagni5/berlin-database-of-emotional-speech-emodb/versions/1/wav/09a01Wb.wav,angry, Der Lappen liegt auf dem Eischrank.
/Users/krazmic/.cache/kagglehub/datasets/piyushagni5/berlin-database-of-emotional-speech-emodb/versions/1/wav/11b02Ab.wav,fear, Sie haben es gerade hochgetragen und jetzt gehen Sie wieder runter.
/Users/krazmic/.cache/kagglehub/datasets/piyushagni5/berlin-database-of-emotional-speech-emodb/versions/1/wav/15a07Nc.wav,neutral, In sieben Stunden wird es so weit sein.
/Users/krazmic/.cache/kagglehub/datasets/piyushagni5/berlin-database-of-emotional-speech-emodb/versions/1/wav/14b01Eb.wav,disgust," Was sind denn das für Töten, die da unter dem Tisch stehen?"
/Users/krazmic/.cache/kagglehub/datasets/piyushagni5/berlin-database-of-emotional-speech-emodb/versions/1/wav/11a05Ad.wav,fear, Das schwarze Blur-Papier. Wir findet sich da oben neben dem Holzstück.
/Users/krazmic/.cache/kagglehub/datasets/piyushagni5/berlin-database-of-emotional-speech-emodb/versions/1/wav/03a01Nc.wav,neutral, Der Lappen liegt auf dem Eisschrank.
/Users/krazmic/.cache/kagglehub/datasets/piyushagni5/berlin-database-of-emotional-speech-emodb/versions/1/wav/12a02Nb.wav,neutral, das will sie am Mittwoch abgeben.
/Users/krazmic/.cache/kagglehub/datasets/piyushagni5/berlin-database-of-emotional-speech-emodb/versions/1/wav/15a05Na.wav,neutral, Das schwarze Blattpapier befindet sich da oben neben dem Holzstück.
/Users/krazmic/.cache/kagglehub/datasets/piyushagni5/berlin-database-of-emotional-speech-emodb/versions/1/wav/03a01Wa.wav,angry, Der Lappen liegt auf dem Eisschrank!
/Users/krazmic/.cache/kagglehub/datasets/piyushagni5/berlin-database-of-emotional-speech-emodb/versions/1/wav/14a05Na.wav,neutral, Das schwarze Blatt Papier befindet sich da oben neben dem Holzstück.
/Users/krazmic/.cache/kagglehub/datasets/piyushagni5/berlin-database-of-emotional-speech-emodb/versions/1/wav/09a07Wd.wav,angry, In sieben Stunden wird es so weit sein.
/Users/krazmic/.cache/kagglehub/datasets/piyushagni5/berlin-database-of-emotional-speech-emodb/versions/1/wav/03b02Na.wav,neutral, Sie haben es gerade hochgetragen und jetzt gehen sie wieder runter.
/Users/krazmic/.cache/kagglehub/datasets/piyushagni5/berlin-database-of-emotional-speech-emodb/versions/1/wav/09a02Ea.wav,disgust, Das will sie am Mittwoch abgeben.
/Users/krazmic/.cache/kagglehub/datasets/piyushagni5/berlin-database-of-emotional-speech-emodb/versions/1/wav/14b03Ed.wav,disgust, An den Wochenenden bin ich jetzt immer nach Hause gefahren und habe Agnes besucht.
/Users/krazmic/.cache/kagglehub/datasets/piyushagni5/berlin-database-of-emotional-speech-emodb/versions/1/wav/09a05Wb.wav,angry, Das schwarze Blattbar-Pier befindet sich da oben neben dem Holzstück.
/Users/krazmic/.cache/kagglehub/datasets/piyushagni5/berlin-database-of-emotional-speech-emodb/versions/1/wav/16b01Aa.wav,fear," Was sind denn das für Tüten, die da unter dem Tisch stehen?"
/Users/krazmic/.cache/kagglehub/datasets/piyushagni5/berlin-database-of-emotional-speech-emodb/versions/1/wav/11a02Fb.wav,happy, Das will sie am Mittwoch abgeben.
/Users/krazmic/.cache/kagglehub/datasets/piyushagni5/berlin-database-of-emotional-speech-emodb/versions/1/wav/12b10Ac.wav,fear," Die wird auf dem Platz sein, wo wir sie immer hinlegen."
/Users/krazmic/.cache/kagglehub/datasets/piyushagni5/berlin-database-of-emotional-speech-emodb/versions/1/wav/15b02Wa.wav,angry, Sie haben es gerade hochgetragen und jetzt gehen Sie wieder runter.
/Users/krazmic/.cache/kagglehub/datasets/piyushagni5/berlin-database-of-emotional-speech-emodb/versions/1/wav/14b09Fc.wav,happy, Ich will das eben wegbringen und dann mit Karl was trinken gehen.
/Users/krazmic/.cache/kagglehub/datasets/piyushagni5/berlin-database-of-emotional-speech-emodb/versions/1/wav/09b02Wd.wav,angry, Sie haben es gerade hochgetragen und jetzt gehen Sie wieder runter.
/Users/krazmic/.cache/kagglehub/datasets/piyushagni5/berlin-database-of-emotional-speech-emodb/versions/1/wav/10a04Fd.wav,happy, Heute Abend könnte ich ja sie sagen.
/Users/krazmic/.cache/kagglehub/datasets/piyushagni5/berlin-database-of-emotional-speech-emodb/versions/1/wav/03a05Wa.wav,angry, Das schwarze Plattpapier befindet sich da oben neben dem Holzstück.
/Users/krazmic/.cache/kagglehub/datasets/piyushagni5/berlin-database-of-emotional-speech-emodb/versions/1/wav/11a04Fd.wav,happy, Heute Abend könnte ich es ihm sagen.
/Users/krazmic/.cache/kagglehub/datasets/piyushagni5/berlin-database-of-emotional-speech-emodb/versions/1/wav/14a01Na.wav,neutral, der Lappen liegt auf dem Alschrank.
/Users/krazmic/.cache/kagglehub/datasets/piyushagni5/berlin-database-of-emotional-speech-emodb/versions/1/wav/08b02Wd.wav,angry, Sie haben es gerade hochgetragen und jetzt gehen Sie wieder runter.
/Users/krazmic/.cache/kagglehub/datasets/piyushagni5/berlin-database-of-emotional-speech-emodb/versions/1/wav/12b02Ea.wav,disgust, Sie haben es gerade hochgetragen und jetzt gehen Sie wieder runter.
/Users/krazmic/.cache/kagglehub/datasets/piyushagni5/berlin-database-of-emotional-speech-emodb/versions/1/wav/13b09Ab.wav,fear, Ich will das eben wegbringen und dann mit Kahl was trinken gehen.
/Users/krazmic/.cache/kagglehub/datasets/piyushagni5/berlin-database-of-emotional-speech-emodb/versions/1/wav/13a01Ec.wav,disgust, Der Lappen liegt auf dem Eisschrank.
/Users/krazmic/.cache/kagglehub/datasets/piyushagni5/berlin-database-of-emotional-speech-emodb/versions/1/wav/03a07Wc.wav,angry, In sieben Stunden wird es so weit sein.
/Users/krazmic/.cache/kagglehub/datasets/piyushagni5/berlin-database-of-emotional-speech-emodb/versions/1/wav/14a01Wc.wav,angry, Der Lappen liegt auf dem Eisschrank.
/Users/krazmic/.cache/kagglehub/datasets/piyushagni5/berlin-database-of-emotional-speech-emodb/versions/1/wav/13a04Wc.wav,angry, Heute Abend könnte ich es ihm sagen.
/Users/krazmic/.cache/kagglehub/datasets/piyushagni5/berlin-database-of-emotional-speech-emodb/versions/1/wav/12a04Wc.wav,angry, Heute Abend könnte ich erst ihm sagen.
/Users/krazmic/.cache/kagglehub/datasets/piyushagni5/berlin-database-of-emotional-speech-emodb/versions/1/wav/12b09Ac.wav,fear, Ich will das eben wegbringen und dann mit Karl was trinken gehen.
/Users/krazmic/.cache/kagglehub/datasets/piyushagni5/berlin-database-of-emotional-speech-emodb/versions/1/wav/16a07Fb.wav,happy, In sieben Stunden wird es so weit sein.
/Users/krazmic/.cache/kagglehub/datasets/piyushagni5/berlin-database-of-emotional-speech-emodb/versions/1/wav/10a05Aa.wav,fear, Das schwarze Blatt Papier befindet sich da oben neben dem Halsstück.
/Users/krazmic/.cache/kagglehub/datasets/piyushagni5/berlin-database-of-emotional-speech-emodb/versions/1/wav/16a02Tc.wav,sad, das will sie mit vorab gehen.
/Users/krazmic/.cache/kagglehub/datasets/piyushagni5/berlin-database-of-emotional-speech-emodb/versions/1/wav/09a05Wc.wav,angry, Das schwarze Blatt-Papier befindet sich da oben neben dem Holzstück.
/Users/krazmic/.cache/kagglehub/datasets/piyushagni5/berlin-database-of-emotional-speech-emodb/versions/1/wav/11b03Fc.wav,happy, An den Wochenenden bin ich jetzt immer nach Hause gefahren und habe Agnes besucht.
/Users/krazmic/.cache/kagglehub/datasets/piyushagni5/berlin-database-of-emotional-speech-emodb/versions/1/wav/11a07Ac.wav,fear, In sieben Stunden wird das so weit sein.
/Users/krazmic/.cache/kagglehub/datasets/piyushagni5/berlin-database-of-emotional-speech-emodb/versions/1/wav/10b01Fa.wav,happy," Was sind denn das für Tüten, die dann mit dem Tisch stehen?"
/Users/krazmic/.cache/kagglehub/datasets/piyushagni5/berlin-database-of-emotional-speech-emodb/versions/1/wav/10a05Tb.wav,sad, Das schwarze Blattpapier befindet sich der Oben neben dem Holzstück.
/Users/krazmic/.cache/kagglehub/datasets/piyushagni5/berlin-database-of-emotional-speech-emodb/versions/1/wav/11b01Fc.wav,happy," Was sind denn das für Tüten, die da unter dem Tisch stehen?"
/Users/krazmic/.cache/kagglehub/datasets/piyushagni5/berlin-database-of-emotional-speech-emodb/versions/1/wav/08a07Wc.wav,angry, In sieben Stunden wird es soweit sein.
/Users/krazmic/.cache/kagglehub/datasets/piyushagni5/berlin-database-of-emotional-speech-emodb/versions/1/wav/08b10Fd.wav,happy," Die wird auf dem Platz sein, wo wir sie immerhin legen."
/Users/krazmic/.cache/kagglehub/datasets/piyushagni5/berlin-database-of-emotional-speech-emodb/versions/1/wav/09a02Eb.wav,disgust, Das wir Sie mit vorab geben.
/Users/krazmic/.cache/kagglehub/datasets/piyushagni5/berlin-database-of-emotional-speech-emodb/versions/1/wav/10a07Aa.wav,fear, In 7 Stunden wird es so weit zahlen.
/Users/krazmic/.cache/kagglehub/datasets/piyushagni5/berlin-database-of-emotional-speech-emodb/versions/1/wav/08a07Na.wav,neutral, In sieben Stunden wird es so weit sein.
/Users/krazmic/.cache/kagglehub/datasets/piyushagni5/berlin-database-of-emotional-speech-emodb/versions/1/wav/09a07Na.wav,neutral, In sieben Stunden wird es so weit sein.
/Users/krazmic/.cache/kagglehub/datasets/piyushagni5/berlin-database-of-emotional-speech-emodb/versions/1/wav/08a05Wa.wav,angry, Das Schwarze Blatt Papier befindet sich da oben neben dem Holzstück.
/Users/krazmic/.cache/kagglehub/datasets/piyushagni5/berlin-database-of-emotional-speech-emodb/versions/1/wav/10a02Fa.wav,happy, Das will sie mit Woche abgeben.
/Users/krazmic/.cache/kagglehub/datasets/piyushagni5/berlin-database-of-emotional-speech-emodb/versions/1/wav/16b03Ta.wav,sad, An den Wochenenden bin ich jetzt immer nach Hause gefahren und habe Agnes besucht.
/Users/krazmic/.cache/kagglehub/datasets/piyushagni5/berlin-database-of-emotional-speech-emodb/versions/1/wav/14b02Wb.wav,angry, Sie haben es gerade hochgetragen und jetzt gehen sie wieder runter.
/Users/krazmic/.cache/kagglehub/datasets/piyushagni5/berlin-database-of-emotional-speech-emodb/versions/1/wav/03a05Wb.wav,angry, Das schwarze Plat-Papier befindet sich da oben neben dem Holzstück.
/Users/krazmic/.cache/kagglehub/datasets/piyushagni5/berlin-database-of-emotional-speech-emodb/versions/1/wav/15a01Nb.wav,neutral, Der Lappen liegt auf dem Eisschrank.
/Users/krazmic/.cache/kagglehub/datasets/piyushagni5/berlin-database-of-emotional-speech-emodb/versions/1/wav/16b02Fd.wav,happy, Sie haben es gerade hochgetragen und jetzt gehen Sie wieder runter.
/Users/krazmic/.cache/kagglehub/datasets/piyushagni5/berlin-database-of-emotional-speech-emodb/versions/1/wav/11b02Td.wav,sad, Sie haben es gerade hochgetragen und jetzt gehen Sie wieder runter.
/Users/krazmic/.cache/kagglehub/datasets/piyushagni5/berlin-database-of-emotional-speech-emodb/versions/1/wav/14a01Wa.wav,angry, Der Lappen liegt auf dem Eisschrank.
/Users/krazmic/.cache/kagglehub/datasets/piyushagni5/berlin-database-of-emotional-speech-emodb/versions/1/wav/15a01Wa.wav,angry, Der Lappen liegt auf dem Eisschrank!
/Users/krazmic/.cache/kagglehub/datasets/piyushagni5/berlin-database-of-emotional-speech-emodb/versions/1/wav/13a01Ea.wav,disgust, Der Erlappen liegt auf dem Eischrank.
/Users/krazmic/.cache/kagglehub/datasets/piyushagni5/berlin-database-of-emotional-speech-emodb/versions/1/wav/14b02Na.wav,neutral, Sie haben es gerade hochgetragen und jetzt gehen Sie wieder runter.
/Users/krazmic/.cache/kagglehub/datasets/piyushagni5/berlin-database-of-emotional-speech-emodb/versions/1/wav/08b09Fd.wav,happy, Ich will das eben wegbringen und dann mit Karl was trinken gehen.
/Users/krazmic/.cache/kagglehub/datasets/piyushagni5/berlin-database-of-emotional-speech-emodb/versions/1/wav/03a07Nc.wav,neutral, In sieben Stunden wird es soweit sein.
/Users/krazmic/.cache/kagglehub/datasets/piyushagni5/berlin-database-of-emotional-speech-emodb/versions/1/wav/15b09Fa.wav,happy, Ich will das eben wegbringen und damit KAL was trinken gehen.
/Users/krazmic/.cache/kagglehub/datasets/piyushagni5/berlin-database-of-emotional-speech-emodb/versions/1/wav/15b02Wc.wav,angry, Sie haben es gerade hochgetragen und jetzt gehen sie wieder runter.
/Users/krazmic/.cache/kagglehub/datasets/piyushagni5/berlin-database-of-emotional-speech-emodb/versions/1/wav/16a07Fa.wav,happy, In sieben Stunden wird es so weit sein.
/Users/krazmic/.cache/kagglehub/datasets/piyushagni5/berlin-database-of-emotional-speech-emodb/versions/1/wav/11a07Ta.wav,sad, In 7 Stunden wird es soweit sein.
/Users/krazmic/.cache/kagglehub/datasets/piyushagni5/berlin-database-of-emotional-speech-emodb/versions/1/wav/10a07Ta.wav,sad, In sieben Stunden wird es weizellen.
/Users/krazmic/.cache/kagglehub/datasets/piyushagni5/berlin-database-of-emotional-speech-emodb/versions/1/wav/09b01Ea.wav,disgust," Was ist denn das für Küten, die da unter dem Tisch steht?"
/Users/krazmic/.cache/kagglehub/datasets/piyushagni5/berlin-database-of-emotional-speech-emodb/versions/1/wav/16b01Tb.wav,sad," Was sind denn das für Tüten, die da unter dem Tisch stehen?"
/Users/krazmic/.cache/kagglehub/datasets/piyushagni5/berlin-database-of-emotional-speech-emodb/versions/1/wav/16a05Fc.wav,happy, Das schwarze Blattpapier befindet sich der Oben neben dem Haltstück.
/Users/krazmic/.cache/kagglehub/datasets/piyushagni5/berlin-database-of-emotional-speech-emodb/versions/1/wav/09a05Nb.wav,neutral, Der schwarze Blatt Papier befindet sich da oben neben dem Holstück.
/Users/krazmic/.cache/kagglehub/datasets/piyushagni5/berlin-database-of-emotional-speech-emodb/versions/1/wav/09a07Wb.wav,angry, In sieben Stunden wird es so weit sein!
/Users/krazmic/.cache/kagglehub/datasets/piyushagni5/berlin-database-of-emotional-speech-emodb/versions/1/wav/08a05Nb.wav,neutral, Das Schwarze Blatt Papier befindet sich der Oben neben dem Holzstück.
/Users/krazmic/.cache/kagglehub/datasets/piyushagni5/berlin-database-of-emotional-speech-emodb/versions/1/wav/10b01Aa.wav,fear," Was sind das für Tüten, die da in einem Tisch stehen?"
/Users/krazmic/.cache/kagglehub/datasets/piyushagni5/berlin-database-of-emotional-speech-emodb/versions/1/wav/15b10Ac.wav,fear," die wird auf dem Platz sein, wo wir sie immerhin legen."
/Users/krazmic/.cache/kagglehub/datasets/piyushagni5/berlin-database-of-emotional-speech-emodb/versions/1/wav/10b03Tb.wav,sad," An den Wochenenden bin ich jetzt immer nach Hause gefahren, habe Arkenes besucht."
/Users/krazmic/.cache/kagglehub/datasets/piyushagni5/berlin-database-of-emotional-speech-emodb/versions/1/wav/13b03Ed.wav,disgust, An den Wochenende bin ich jetzt immer nach Hause gefahren und habe... ... Agnus besucht.
/Users/krazmic/.cache/kagglehub/datasets/piyushagni5/berlin-database-of-emotional-speech-emodb/versions/1/wav/08b01Na.wav,neutral," Was sind denn das Vetyten, die da unter dem Tisch stehen?"
/Users/krazmic/.cache/kagglehub/datasets/piyushagni5/berlin-database-of-emotional-speech-emodb/versions/1/wav/15a02Wd.wav,angry, Das will sie mit Woche abgeben.
/Users/krazmic/.cache/kagglehub/datasets/piyushagni5/berlin-database-of-emotional-speech-emodb/versions/1/wav/09b01Na.wav,neutral," Was sind denn das für Tüten, die da unter dem Tisch stehen?"
/Users/krazmic/.cache/kagglehub/datasets/piyushagni5/berlin-database-of-emotional-speech-emodb/versions/1/wav/03b01Nb.wav,neutral," Was sind denn das für Tüten, die da unter dem Tisch stehen?"
/Users/krazmic/.cache/kagglehub/datasets/piyushagni5/berlin-database-of-emotional-speech-emodb/versions/1/wav/12a01Wc.wav,angry, Der Lappen liegt auf dem Eischrank!
/Users/krazmic/.cache/kagglehub/datasets/piyushagni5/berlin-database-of-emotional-speech-emodb/versions/1/wav/15a04Wb.wav,angry, Heute Abend könnt ich es im Sagen!
/Users/krazmic/.cache/kagglehub/datasets/piyushagni5/berlin-database-of-emotional-speech-emodb/versions/1/wav/03a02Wb.wav,angry, Das will sie am Mittwoch abgeben.
/Users/krazmic/.cache/kagglehub/datasets/piyushagni5/berlin-database-of-emotional-speech-emodb/versions/1/wav/14a04Wb.wav,angry, Heute Abend könnte ich ja sieben sagen.
/Users/krazmic/.cache/kagglehub/datasets/piyushagni5/berlin-database-of-emotional-speech-emodb/versions/1/wav/13b02Wa.wav,angry, Sie haben es gerade hochgetragen und jetzt gehen sie wieder unter.
/Users/krazmic/.cache/kagglehub/datasets/piyushagni5/berlin-database-of-emotional-speech-emodb/versions/1/wav/12b02Wa.wav,angry, Sie haben es gerade hochgetragen und jetzt gehen sie wieder runter.
/Users/krazmic/.cache/kagglehub/datasets/piyushagni5/berlin-database-of-emotional-speech-emodb/versions/1/wav/13b09Fc.wav,happy, Ich will das eben wegbringen und dann mit Karl was trinken gehen.
/Users/krazmic/.cache/kagglehub/datasets/piyushagni5/berlin-database-of-emotional-speech-emodb/versions/1/wav/03b01Wa.wav,angry," Was sind denn das für Typen, die da unter dem Tisch stehen?"
/Users/krazmic/.cache/kagglehub/datasets/piyushagni5/berlin-database-of-emotional-speech-emodb/versions/1/wav/13b09Fb.wav,happy, Ich will das eben wegbringen und dann mit Kahl was trinken gehen.
/Users/krazmic/.cache/kagglehub/datasets/piyushagni5/berlin-database-of-emotional-speech-emodb/versions/1/wav/14a04Wc.wav,angry, Heute Abend könnte ich er sieben sagen.
/Users/krazmic/.cache/kagglehub/datasets/piyushagni5/berlin-database-of-emotional-speech-emodb/versions/1/wav/03a02Wc.wav,angry, Das will sie ja mitwuch abgeben.
/Users/krazmic/.cache/kagglehub/datasets/piyushagni5/berlin-database-of-emotional-speech-emodb/versions/1/wav/13a01Wb.wav,angry, Der Latten liegt auf dem Eisschrank!
/Users/krazmic/.cache/kagglehub/datasets/piyushagni5/berlin-database-of-emotional-speech-emodb/versions/1/wav/03b03Wc.wav,angry, An den Wochenenden bin ich jetzt immer nach Hause gefahren und habe Agnis besucht.
/Users/krazmic/.cache/kagglehub/datasets/piyushagni5/berlin-database-of-emotional-speech-emodb/versions/1/wav/14b09Ac.wav,fear, Ich will das eben wegbringen und dann mit Kavas trinken gehen.
/Users/krazmic/.cache/kagglehub/datasets/piyushagni5/berlin-database-of-emotional-speech-emodb/versions/1/wav/13b02Nb.wav,neutral, Sie haben es gerade hochgetragen und jetzt gehen sie wieder runter.
/Users/krazmic/.cache/kagglehub/datasets/piyushagni5/berlin-database-of-emotional-speech-emodb/versions/1/wav/15b09Ac.wav,fear, Ich will das eben wegbringen und dann mit Karl was trinken gehen.
/Users/krazmic/.cache/kagglehub/datasets/piyushagni5/berlin-database-of-emotional-speech-emodb/versions/1/wav/10a02Ab.wav,fear, Das will sie mit vorher abgehen.
/Users/krazmic/.cache/kagglehub/datasets/piyushagni5/berlin-database-of-emotional-speech-emodb/versions/1/wav/12a05Nd.wav,neutral, Das Schwarze Blatt Papier befindet sich da oben neben dem Holzstück.
/Users/krazmic/.cache/kagglehub/datasets/piyushagni5/berlin-database-of-emotional-speech-emodb/versions/1/wav/14b10Tc.wav,sad," Die wird auf dem Platz sein, wo wir sie immer hinlegen."
/Users/krazmic/.cache/kagglehub/datasets/piyushagni5/berlin-database-of-emotional-speech-emodb/versions/1/wav/16b01Fa.wav,happy," Was sind denn das für Tüten, die da unter den Tisch stehen?"
/Users/krazmic/.cache/kagglehub/datasets/piyushagni5/berlin-database-of-emotional-speech-emodb/versions/1/wav/09b03Nb.wav,neutral, An den Wochenenden bin ich jetzt immer nach Hause gefahren und habe Argendes besucht.
/Users/krazmic/.cache/kagglehub/datasets/piyushagni5/berlin-database-of-emotional-speech-emodb/versions/1/wav/08b03Nb.wav,neutral, An den Wochenenden bin ich jetzt immer nach Hause gefahren und habe Agnes besucht.
/Users/krazmic/.cache/kagglehub/datasets/piyushagni5/berlin-database-of-emotional-speech-emodb/versions/1/wav/09b01Wb.wav,angry," Was sind denn das für Tüten, die da unter dem Tür stehen?"
/Users/krazmic/.cache/kagglehub/datasets/piyushagni5/berlin-database-of-emotional-speech-emodb/versions/1/wav/11a02Tc.wav,sad, das will sie mitfach abgeben.
/Users/krazmic/.cache/kagglehub/datasets/piyushagni5/berlin-database-of-emotional-speech-emodb/versions/1/wav/16b03Fa.wav,happy, An den Wochenend bin ich jetzt immer nach Hause gefahren und habe Agnes besucht.
/Users/krazmic/.cache/kagglehub/datasets/piyushagni5/berlin-database-of-emotional-speech-emodb/versions/1/wav/11b01Ab.wav,fear," Was sind denn das für Tüten, die da unter dem Tisch stehen?"
/Users/krazmic/.cache/kagglehub/datasets/piyushagni5/berlin-database-of-emotional-speech-emodb/versions/1/wav/16a05Tb.wav,sad," Das schwarze Blattpapier befindet sich da oben, neben dem Holzstück."
/Users/krazmic/.cache/kagglehub/datasets/piyushagni5/berlin-database-of-emotional-speech-emodb/versions/1/wav/09a02Wb.wav,angry, Das will sie ja mit Woche abgeben!
/Users/krazmic/.cache/kagglehub/datasets/piyushagni5/berlin-database-of-emotional-speech-emodb/versions/1/wav/11a05Fb.wav,happy, Das schwarze Blatt Papier befindet sich da oben neben dem Holzstück.
/Users/krazmic/.cache/kagglehub/datasets/piyushagni5/berlin-database-of-emotional-speech-emodb/versions/1/wav/09b03Wb.wav,angry, An den Wochenenden bin ich jetzt immer nach Hause gefahren und habe Argendes besucht.
/Users/krazmic/.cache/kagglehub/datasets/piyushagni5/berlin-database-of-emotional-speech-emodb/versions/1/wav/13b10Fa.wav,happy," Die wird auf dem Platz sein, wo wir sie immerhin legen."
/Users/krazmic/.cache/kagglehub/datasets/piyushagni5/berlin-database-of-emotional-speech-emodb/versions/1/wav/11b02Fd.wav,happy, Sie haben es gerade hochgetragen und jetzt gehen Sie wieder runter.
/Users/krazmic/.cache/kagglehub/datasets/piyushagni5/berlin-database-of-emotional-speech-emodb/versions/1/wav/15a04Wa.wav,angry, Heute Abend könnte ich es ihm sagen.
/Users/krazmic/.cache/kagglehub/datasets/piyushagni5/berlin-database-of-emotional-speech-emodb/versions/1/wav/12b02Wb.wav,angry, Sie haben es gerade hochgetragen und jetzt gehen sie wieder runter.
/Users/krazmic/.cache/kagglehub/datasets/piyushagni5/berlin-database-of-emotional-speech-emodb/versions/1/wav/03b01Wc.wav,angry," Was sind denn das für Tüten, die da unter dem Tisch stehen?"
/Users/krazmic/.cache/kagglehub/datasets/piyushagni5/berlin-database-of-emotional-speech-emodb/versions/1/wav/13a01Nb.wav,neutral, Der Lappen liegt auf dem Eisschrank.
/Users/krazmic/.cache/kagglehub/datasets/piyushagni5/berlin-database-of-emotional-speech-emodb/versions/1/wav/12a01Nb.wav,neutral, Der Lappen liegt auf dem Eisschrank.
/Users/krazmic/.cache/kagglehub/datasets/piyushagni5/berlin-database-of-emotional-speech-emodb/versions/1/wav/15a04Nc.wav,neutral, Heute Abend könnte ich es ihm sagen.
/Users/krazmic/.cache/kagglehub/datasets/piyushagni5/berlin-database-of-emotional-speech-emodb/versions/1/wav/03a02Nc.wav,neutral, Das will sie ja mitwuch abgeben.
/Users/krazmic/.cache/kagglehub/datasets/piyushagni5/berlin-database-of-emotional-speech-emodb/versions/1/wav/15b09Ta.wav,sad, Ich will das eben wegbringen und dann mit Karl was trinken gehen.
/Users/krazmic/.cache/kagglehub/datasets/piyushagni5/berlin-database-of-emotional-speech-emodb/versions/1/wav/03b03Nb.wav,neutral, An den Wochenenden bin ich jetzt immer nach Hause gefahren und habe Arknes besucht.
/Users/krazmic/.cache/kagglehub/datasets/piyushagni5/berlin-database-of-emotional-speech-emodb/versions/1/wav/15a01Ea.wav,disgust, Der Lappen liegt auf dem Eisschrank.
/Users/krazmic/.cache/kagglehub/datasets/piyushagni5/berlin-database-of-emotional-speech-emodb/versions/1/wav/14a01Ea.wav,disgust, Der Lappen liegt auf dem Eisschrank.
/Users/krazmic/.cache/kagglehub/datasets/piyushagni5/berlin-database-of-emotional-speech-emodb/versions/1/wav/12b02Na.wav,neutral, Sie haben es gerade hochgetragen und jetzt gehen sie wieder runter.
/Users/krazmic/.cache/kagglehub/datasets/piyushagni5/berlin-database-of-emotional-speech-emodb/versions/1/wav/09a07Eb.wav,disgust, In sieben Stunden wird es so weit sein.
/Users/krazmic/.cache/kagglehub/datasets/piyushagni5/berlin-database-of-emotional-speech-emodb/versions/1/wav/11a05Fc.wav,happy, Das Schwarze Blatt Papier! Wir findet sich da oben! Nehen dem Holzstück!
/Users/krazmic/.cache/kagglehub/datasets/piyushagni5/berlin-database-of-emotional-speech-emodb/versions/1/wav/08a02Wc.wav,angry, Das wir Sie am Mittwoch abgeben!
/Users/krazmic/.cache/kagglehub/datasets/piyushagni5/berlin-database-of-emotional-speech-emodb/versions/1/wav/08b01Wa.wav,angry," Was sind denn das für Tücken, die da unter dem Tisch stehen?"
/Users/krazmic/.cache/kagglehub/datasets/piyushagni5/berlin-database-of-emotional-speech-emodb/versions/1/wav/16a05Ab.wav,fear, Das schwarze Blatt Papier befindet sich da oben im Holzstück.
/Users/krazmic/.cache/kagglehub/datasets/piyushagni5/berlin-database-of-emotional-speech-emodb/versions/1/wav/08a02Na.wav,neutral, das will sie mit dem Abgeben.
/Users/krazmic/.cache/kagglehub/datasets/piyushagni5/berlin-database-of-emotional-speech-emodb/versions/1/wav/16b10Eb.wav,disgust," Die wird auf dem Platz sein, wo wir sie immerhin legen."
/Users/krazmic/.cache/kagglehub/datasets/piyushagni5/berlin-database-of-emotional-speech-emodb/versions/1/wav/16b03Fd.wav,happy, An den Wochenende bin ich jetzt immer nach Hause gefahren und habe Agnes besucht.
/Users/krazmic/.cache/kagglehub/datasets/piyushagni5/berlin-database-of-emotional-speech-emodb/versions/1/wav/11b03Td.wav,sad, An den Wochenenden bin ich jetzt immer nach Hause gefahren und habe Agnes besucht.
/Users/krazmic/.cache/kagglehub/datasets/piyushagni5/berlin-database-of-emotional-speech-emodb/versions/1/wav/09a05Ed.wav,disgust, Das schwarze Blattbarpier befindet sich da oben neben dem Heuchstück.
/Users/krazmic/.cache/kagglehub/datasets/piyushagni5/berlin-database-of-emotional-speech-emodb/versions/1/wav/03b09Tc.wav,sad, Ich will das eben wegbringen und dann mit Karl was trinken gehen.
/Users/krazmic/.cache/kagglehub/datasets/piyushagni5/berlin-database-of-emotional-speech-emodb/versions/1/wav/13a05Wa.wav,angry, Das schwarze Blattpapier befindet sich da oben neben dem Holzstück.
/Users/krazmic/.cache/kagglehub/datasets/piyushagni5/berlin-database-of-emotional-speech-emodb/versions/1/wav/13a07Na.wav,neutral, In sieben Stunden wird es so weit sein.
/Users/krazmic/.cache/kagglehub/datasets/piyushagni5/berlin-database-of-emotional-speech-emodb/versions/1/wav/15b03Wb.wav,angry, An den Wochenenden bin ich jetzt immer nach Hause gefahren und habe Argendes besucht.
/Users/krazmic/.cache/kagglehub/datasets/piyushagni5/berlin-database-of-emotional-speech-emodb/versions/1/wav/14b03Wb.wav,angry, An den Wochenend bin ich jetzt immer nach Hause gefahren und habe Agnes besucht.
/Users/krazmic/.cache/kagglehub/datasets/piyushagni5/berlin-database-of-emotional-speech-emodb/versions/1/wav/15a02Wb.wav,angry, Das will sie am Mittwoch abgeben!
/Users/krazmic/.cache/kagglehub/datasets/piyushagni5/berlin-database-of-emotional-speech-emodb/versions/1/wav/09a04Wa.wav,angry, Heute Abend könnte ich es ihm sagen.
/Users/krazmic/.cache/kagglehub/datasets/piyushagni5/berlin-database-of-emotional-speech-emodb/versions/1/wav/11a04Ac.wav,fear, Heute Abend könnt ihr es ihm sagen.
/Users/krazmic/.cache/kagglehub/datasets/piyushagni5/berlin-database-of-emotional-speech-emodb/versions/1/wav/08a04Nc.wav,neutral, Heute Abend könnte ich es ihm sagen.
/Users/krazmic/.cache/kagglehub/datasets/piyushagni5/berlin-database-of-emotional-speech-emodb/versions/1/wav/11b09Na.wav,neutral, Ich will das eben wegbringen und dann mit Kahl was trinken gehen.
/Users/krazmic/.cache/kagglehub/datasets/piyushagni5/berlin-database-of-emotional-speech-emodb/versions/1/wav/14b09Td.wav,sad," Ich will das eben wegbringen, und dann mit Kail was trinken gehen."
/Users/krazmic/.cache/kagglehub/datasets/piyushagni5/berlin-database-of-emotional-speech-emodb/versions/1/wav/03b10Ab.wav,fear," Die wird auf dem Platz sein, wo wir sie immerhin legen."
/Users/krazmic/.cache/kagglehub/datasets/piyushagni5/berlin-database-of-emotional-speech-emodb/versions/1/wav/16b02Aa.wav,fear, Sie haben es gerade hochgetragen und jetzt gehen sie wieder runter.
/Users/krazmic/.cache/kagglehub/datasets/piyushagni5/berlin-database-of-emotional-speech-emodb/versions/1/wav/16a01Tb.wav,sad, Der Lappen liegt auf dem Eisschrank.
/Users/krazmic/.cache/kagglehub/datasets/piyushagni5/berlin-database-of-emotional-speech-emodb/versions/1/wav/09a04Nb.wav,neutral, Heute Abend könnte ich erst im Sagen.
/Users/krazmic/.cache/kagglehub/datasets/piyushagni5/berlin-database-of-emotional-speech-emodb/versions/1/wav/16b09Eb.wav,disgust, Ich will das eben wegbringen und dann mit Karl was trinken gehen.
/Users/krazmic/.cache/kagglehub/datasets/piyushagni5/berlin-database-of-emotional-speech-emodb/versions/1/wav/09a01Ea.wav,disgust, Der Lappen liegt auf dem Eischrag.
/Users/krazmic/.cache/kagglehub/datasets/piyushagni5/berlin-database-of-emotional-speech-emodb/versions/1/wav/10b09Wb.wav,angry, Ich will das eben wegbringen und dann mit Karl was trinken gehen!
/Users/krazmic/.cache/kagglehub/datasets/piyushagni5/berlin-database-of-emotional-speech-emodb/versions/1/wav/13a05Nb.wav,neutral, Der schwarze Blatt Papier befindet sich da oben neben dem Holzstück.
/Users/krazmic/.cache/kagglehub/datasets/piyushagni5/berlin-database-of-emotional-speech-emodb/versions/1/wav/13a07Wb.wav,angry, In sieben Stunden wird es so weit sein.
/Users/krazmic/.cache/kagglehub/datasets/piyushagni5/berlin-database-of-emotional-speech-emodb/versions/1/wav/14a02Wc.wav,angry, Das will sie am Mittwoch abgeben.
/Users/krazmic/.cache/kagglehub/datasets/piyushagni5/berlin-database-of-emotional-speech-emodb/versions/1/wav/03a04Wc.wav,angry, Heute Abend könnt ich's im Sagen.
/Users/krazmic/.cache/kagglehub/datasets/piyushagni5/berlin-database-of-emotional-speech-emodb/versions/1/wav/12a02Ec.wav,disgust, Das will sie ab mit Wort abgeben.
/Users/krazmic/.cache/kagglehub/datasets/piyushagni5/berlin-database-of-emotional-speech-emodb/versions/1/wav/13a02Ec.wav,disgust, Das will sie am Mittwoch abgeben.
/Users/krazmic/.cache/kagglehub/datasets/piyushagni5/berlin-database-of-emotional-speech-emodb/versions/1/wav/14a07Eb.wav,disgust, In sieben Stunden wird es so weit sein.
/Users/krazmic/.cache/kagglehub/datasets/piyushagni5/berlin-database-of-emotional-speech-emodb/versions/1/wav/15a07Eb.wav,disgust, In sieben Stunden wird es soweit sein.
/Users/krazmic/.cache/kagglehub/datasets/piyushagni5/berlin-database-of-emotional-speech-emodb/versions/1/wav/14b10Ad.wav,fear," Die wird auf dem Herzen, wo wir sie immerhin legen."
/Users/krazmic/.cache/kagglehub/datasets/piyushagni5/berlin-database-of-emotional-speech-emodb/versions/1/wav/15a02Na.wav,neutral, das wir sie mit Woche abgeben.
/Users/krazmic/.cache/kagglehub/datasets/piyushagni5/berlin-database-of-emotional-speech-emodb/versions/1/wav/16a07Td.wav,sad, In sieben Stunden wird es so weit sein.
/Users/krazmic/.cache/kagglehub/datasets/piyushagni5/berlin-database-of-emotional-speech-emodb/versions/1/wav/09b10Aa.wav,fear," Du wirst auf dem Platz sein, wo wir sehen, wir hinlegen."
/Users/krazmic/.cache/kagglehub/datasets/piyushagni5/berlin-database-of-emotional-speech-emodb/versions/1/wav/08b10Aa.wav,fear," Die wird auf dem Platz sein, wo wir sie immerhin legen."
/Users/krazmic/.cache/kagglehub/datasets/piyushagni5/berlin-database-of-emotional-speech-emodb/versions/1/wav/14b01Wc.wav,angry," Was sind denn das für Tüten, die da unter dem Tisch stehen?"
/Users/krazmic/.cache/kagglehub/datasets/piyushagni5/berlin-database-of-emotional-speech-emodb/versions/1/wav/15a05Eb.wav,disgust," Das schwarze Blatt Papier befindet sich da oben, neben dem Holzstück."
/Users/krazmic/.cache/kagglehub/datasets/piyushagni5/berlin-database-of-emotional-speech-emodb/versions/1/wav/15b01Wc.wav,angry," Was sind denn das für Tüten, die da unter dem Tisch stehen?"
/Users/krazmic/.cache/kagglehub/datasets/piyushagni5/berlin-database-of-emotional-speech-emodb/versions/1/wav/03a04Nc.wav,neutral, Heute Abend könnt ichs ihm sagen.
/Users/krazmic/.cache/kagglehub/datasets/piyushagni5/berlin-database-of-emotional-speech-emodb/versions/1/wav/14a02Nc.wav,neutral, Das will sie mit vorab geben.
/Users/krazmic/.cache/kagglehub/datasets/piyushagni5/berlin-database-of-emotional-speech-emodb/versions/1/wav/11b10Wa.wav,angry," Die wird auf dem Platz sein, wo wir sie immerhin legen."
/Users/krazmic/.cache/kagglehub/datasets/piyushagni5/berlin-database-of-emotional-speech-emodb/versions/1/wav/12a05Wb.wav,angry, Das schwarze Blatt Papier befindet sich da oben neben dem Holzstück.
/Users/krazmic/.cache/kagglehub/datasets/piyushagni5/berlin-database-of-emotional-speech-emodb/versions/1/wav/10b10Wa.wav,angry," Die wird auf dem Platz sein, wo wir sie immerhin legen."
/Users/krazmic/.cache/kagglehub/datasets/piyushagni5/berlin-database-of-emotional-speech-emodb/versions/1/wav/13b01Ec.wav,disgust, Was sind denn das für Tüten wieder unter dem Tisch stehen?
/Users/krazmic/.cache/kagglehub/datasets/piyushagni5/berlin-database-of-emotional-speech-emodb/versions/1/wav/15b01Na.wav,neutral," Was sind denn das für Tüten, die da unter dem Tisch stehen?"
/Users/krazmic/.cache/kagglehub/datasets/piyushagni5/berlin-database-of-emotional-speech-emodb/versions/1/wav/15b03Wa.wav,angry, An den Wochenenden bin ich immer nach Hause gefahren und habe Agen des Besuchtes.
/Users/krazmic/.cache/kagglehub/datasets/piyushagni5/berlin-database-of-emotional-speech-emodb/versions/1/wav/14b01Na.wav,neutral," Was sind denn das für Tüten, die da unter dem Tisch stehen?"
/Users/krazmic/.cache/kagglehub/datasets/piyushagni5/berlin-database-of-emotional-speech-emodb/versions/1/wav/14a02Wa.wav,angry, Das will sie er mit Wochen abgeben.
/Users/krazmic/.cache/kagglehub/datasets/piyushagni5/berlin-database-of-emotional-speech-emodb/versions/1/wav/08b03Wd.wav,angry, An den Wochenenden bin ich jetzt immer nach Hause gefahren und habe Agnus besucht.
/Users/krazmic/.cache/kagglehub/datasets/piyushagni5/berlin-database-of-emotional-speech-emodb/versions/1/wav/11b10Nc.wav,neutral," Die wird auf dem Platz sein, wo wir sie immerhin legen."
/Users/krazmic/.cache/kagglehub/datasets/piyushagni5/berlin-database-of-emotional-speech-emodb/versions/1/wav/08b09Ab.wav,fear," Ich will das eben wegbringen und dann kau, was trinken gehen."
/Users/krazmic/.cache/kagglehub/datasets/piyushagni5/berlin-database-of-emotional-speech-emodb/versions/1/wav/12b02Wd.wav,angry, Sie haben es gerade hochgetragen und jetzt gehen Sie wieder runter!
/Users/krazmic/.cache/kagglehub/datasets/piyushagni5/berlin-database-of-emotional-speech-emodb/versions/1/wav/16a04Fa.wav,happy, Heute Abend könnte ich es ihm sagen.
/Users/krazmic/.cache/kagglehub/datasets/piyushagni5/berlin-database-of-emotional-speech-emodb/versions/1/wav/08b09Tb.wav,sad, Ich will das eben wegbringen und dann mit Karl was trinken gehen.
/Users/krazmic/.cache/kagglehub/datasets/piyushagni5/berlin-database-of-emotional-speech-emodb/versions/1/wav/11b09Wa.wav,angry, Ich will das eben wegbringen und dann mit Kail was trinken gehen.
/Users/krazmic/.cache/kagglehub/datasets/piyushagni5/berlin-database-of-emotional-speech-emodb/versions/1/wav/08a04Wc.wav,angry, Heute Abend könnte ich es ihm sagen!
/Users/krazmic/.cache/kagglehub/datasets/piyushagni5/berlin-database-of-emotional-speech-emodb/versions/1/wav/08b10Tc.wav,sad," die wird auf dem Platz sein, wo wir sie immerhin legen."
/Users/krazmic/.cache/kagglehub/datasets/piyushagni5/berlin-database-of-emotional-speech-emodb/versions/1/wav/12a07Wa.wav,angry, In sieben Stunden wird es so weit sein.
/Users/krazmic/.cache/kagglehub/datasets/piyushagni5/berlin-database-of-emotional-speech-emodb/versions/1/wav/13a05Wc.wav,angry, Das schwarze Blattpapier befindet sich da oben neben dem Holzstück.
/Users/krazmic/.cache/kagglehub/datasets/piyushagni5/berlin-database-of-emotional-speech-emodb/versions/1/wav/15b03Nb.wav,neutral, An den Wochenenden bin ich jetzt immer nach Hause gefahren und habe Argendes besucht.
/Users/krazmic/.cache/kagglehub/datasets/piyushagni5/berlin-database-of-emotional-speech-emodb/versions/1/wav/15a05Fb.wav,happy, Das Schwarze Blatt Papier befindet sich da oben neben dem Holzstück.
/Users/krazmic/.cache/kagglehub/datasets/piyushagni5/berlin-database-of-emotional-speech-emodb/versions/1/wav/14a05Fb.wav,happy, Das schwarze Blattpapier befindet sich da oben neben dem Holzstück.
/Users/krazmic/.cache/kagglehub/datasets/piyushagni5/berlin-database-of-emotional-speech-emodb/versions/1/wav/13b01Fc.wav,happy," Was sind denn das wir Tüten, die da unter dem Tisch stehen?"
/Users/krazmic/.cache/kagglehub/datasets/piyushagni5/berlin-database-of-emotional-speech-emodb/versions/1/wav/13a02Fa.wav,happy, Das will sie am Mittwoch abgeben.
/Users/krazmic/.cache/kagglehub/datasets/piyushagni5/berlin-database-of-emotional-speech-emodb/versions/1/wav/14b03Ta.wav,sad, An den Wochenenden bin ich jetzt immer nach Hause gefahren und habe Agnes besucht.
/Users/krazmic/.cache/kagglehub/datasets/piyushagni5/berlin-database-of-emotional-speech-emodb/versions/1/wav/15a02Ta.wav,sad, das will sie am Mittwoch abgeben.
/Users/krazmic/.cache/kagglehub/datasets/piyushagni5/berlin-database-of-emotional-speech-emodb/versions/1/wav/03a04Ta.wav,sad, Heute Abend könnte ich ihm sagen.
/Users/krazmic/.cache/kagglehub/datasets/piyushagni5/berlin-database-of-emotional-speech-emodb/versions/1/wav/08a04Tb.wav,sad, Heute Abend könnte ich es ihm sagen.
/Users/krazmic/.cache/kagglehub/datasets/piyushagni5/berlin-database-of-emotional-speech-emodb/versions/1/wav/16b02Wb.wav,angry, Sie haben es gerade hochgetragen und jetzt gehen Sie wieder runter.
/Users/krazmic/.cache/kagglehub/datasets/piyushagni5/berlin-database-of-emotional-speech-emodb/versions/1/wav/03b10Nc.wav,neutral," Die wird auf dem Platz sein, wo wir sie immerhin legen."
/Users/krazmic/.cache/kagglehub/datasets/piyushagni5/berlin-database-of-emotional-speech-emodb/versions/1/wav/08b09Wc.wav,angry, Ich will das eben wegbringen und dann mit Karl was trinken gehen!
/Users/krazmic/.cache/kagglehub/datasets/piyushagni5/berlin-database-of-emotional-speech-emodb/versions/1/wav/10a04Wa.wav,angry," Heute Abend, ich könnte es ihm sagen."
/Users/krazmic/.cache/kagglehub/datasets/piyushagni5/berlin-database-of-emotional-speech-emodb/versions/1/wav/16a04Ea.wav,disgust, Heute haben könnte ich es ihm sagen.
/Users/krazmic/.cache/kagglehub/datasets/piyushagni5/berlin-database-of-emotional-speech-emodb/versions/1/wav/03b01Td.wav,sad," Was sind denn das für Typen, die da unter dem Tisch stehen?"
/Users/krazmic/.cache/kagglehub/datasets/piyushagni5/berlin-database-of-emotional-speech-emodb/versions/1/wav/12b02Ad.wav,fear, Sie haben es gerade hochgetragen und jetzt gehen Sie wieder runter.
/Users/krazmic/.cache/kagglehub/datasets/piyushagni5/berlin-database-of-emotional-speech-emodb/versions/1/wav/10a04Nb.wav,neutral, Heute Abend könnte ich es ihm sagen.
/Users/krazmic/.cache/kagglehub/datasets/piyushagni5/berlin-database-of-emotional-speech-emodb/versions/1/wav/16a01Nc.wav,neutral, Der Lappen liegt auf dem Eisschrank.
/Users/krazmic/.cache/kagglehub/datasets/piyushagni5/berlin-database-of-emotional-speech-emodb/versions/1/wav/11b01Wd.wav,angry," Was sind denn das für Tüten, die da unter dem Tisch stehen?"
/Users/krazmic/.cache/kagglehub/datasets/piyushagni5/berlin-database-of-emotional-speech-emodb/versions/1/wav/08a07Fd.wav,happy, In sieben Stunden wird es so weit sein.
/Users/krazmic/.cache/kagglehub/datasets/piyushagni5/berlin-database-of-emotional-speech-emodb/versions/1/wav/14b01Ac.wav,fear, Was sind denn das Wetthütten wieder unter dem Tisch stehen?
/Users/krazmic/.cache/kagglehub/datasets/piyushagni5/berlin-database-of-emotional-speech-emodb/versions/1/wav/03b09Nc.wav,neutral, Ich will das eben wegbringen und dann mit Kahl was trinken gehen.
/Users/krazmic/.cache/kagglehub/datasets/piyushagni5/berlin-database-of-emotional-speech-emodb/versions/1/wav/03a01Fa.wav,happy, Der Lappen liegt auf dem Eisschrank.
/Users/krazmic/.cache/kagglehub/datasets/piyushagni5/berlin-database-of-emotional-speech-emodb/versions/1/wav/15a07Fa.wav,happy, In sieben Stunden wird es so weit sein.
/Users/krazmic/.cache/kagglehub/datasets/piyushagni5/berlin-database-of-emotional-speech-emodb/versions/1/wav/12a05Ab.wav,fear," Das Schwarze Blatt Papier befindet sich da oben, links im Holzstück."
/Users/krazmic/.cache/kagglehub/datasets/piyushagni5/berlin-database-of-emotional-speech-emodb/versions/1/wav/15b03Aa.wav,fear, An den Wochenende bin ich jetzt mal nach Hause gefahren und habe abends besucht.
/Users/krazmic/.cache/kagglehub/datasets/piyushagni5/berlin-database-of-emotional-speech-emodb/versions/1/wav/13a05Tc.wav,sad," Das Schwarz-Zublatt-Papier befindet sich da oben, neben dem Halsstück."
/Users/krazmic/.cache/kagglehub/datasets/piyushagni5/berlin-database-of-emotional-speech-emodb/versions/1/wav/03b09Wa.wav,angry, Ich will das eben wegbringen und dann mit Karl was trinken gehen.
/Users/krazmic/.cache/kagglehub/datasets/piyushagni5/berlin-database-of-emotional-speech-emodb/versions/1/wav/14a05Fa.wav,happy, Das schwarze Blatt Papier befindet sich da oben neben dem Holzstück.
/Users/krazmic/.cache/kagglehub/datasets/piyushagni5/berlin-database-of-emotional-speech-emodb/versions/1/wav/15a02Ac.wav,fear, Das will sie am Mittwoch abgeben.
/Users/krazmic/.cache/kagglehub/datasets/piyushagni5/berlin-database-of-emotional-speech-emodb/versions/1/wav/16b10Fb.wav,happy," Die wird auf dem Platz sein, wo wir sie immer hinlegen."
/Users/krazmic/.cache/kagglehub/datasets/piyushagni5/berlin-database-of-emotional-speech-emodb/versions/1/wav/12a05Ta.wav,sad, Das schwarze Blatt Papier befindet sich da oben neben dem Holzstück.
/Users/krazmic/.cache/kagglehub/datasets/piyushagni5/berlin-database-of-emotional-speech-emodb/versions/1/wav/08b10Nc.wav,neutral," Die wird auf dem Platz sein, wo wir sie immerhin legen."
/Users/krazmic/.cache/kagglehub/datasets/piyushagni5/berlin-database-of-emotional-speech-emodb/versions/1/wav/08b10Wa.wav,angry," Die wird auf dem Platz sein, wo wir sie immer hinlegen."
/Users/krazmic/.cache/kagglehub/datasets/piyushagni5/berlin-database-of-emotional-speech-emodb/versions/1/wav/13a07Tc.wav,sad, In sieben Stunden wird es so weit sein.
/Users/krazmic/.cache/kagglehub/datasets/piyushagni5/berlin-database-of-emotional-speech-emodb/versions/1/wav/09b10Wa.wav,angry," Die wird auf dem Platz sein, wo wir sie immerhin legen."
/Users/krazmic/.cache/kagglehub/datasets/piyushagni5/berlin-database-of-emotional-speech-emodb/versions/1/wav/14a02Tb.wav,sad, Das will sie am Mittwoch abgeben.
/Users/krazmic/.cache/kagglehub/datasets/piyushagni5/berlin-database-of-emotional-speech-emodb/versions/1/wav/03b10Wb.wav,angry," Die wird auf dem Platz sein, wo wir sie immerhin legen."
/Users/krazmic/.cache/kagglehub/datasets/piyushagni5/berlin-database-of-emotional-speech-emodb/versions/1/wav/08b09Nb.wav,neutral, Ich will das eben wegbringen und dann mit Karl was trinken gehen.
/Users/krazmic/.cache/kagglehub/datasets/piyushagni5/berlin-database-of-emotional-speech-emodb/versions/1/wav/10a04Wb.wav,angry, erreichen Damn
/Users/krazmic/.cache/kagglehub/datasets/piyushagni5/berlin-database-of-emotional-speech-emodb/versions/1/wav/11a04Wc.wav,angry, Heute Abend könnte ich jetzt ihm sagen.
/Users/krazmic/.cache/kagglehub/datasets/piyushagni5/berlin-database-of-emotional-speech-emodb/versions/1/wav/08b09Wa.wav,angry, Ich will das eben wegbringen und dann mit Kahl was trinken gehen.
/Users/krazmic/.cache/kagglehub/datasets/piyushagni5/berlin-database-of-emotional-speech-emodb/versions/1/wav/03b10Na.wav,neutral," Die wird auf dem Platz sein, wo wir sie immerhin legen."
/Users/krazmic/.cache/kagglehub/datasets/piyushagni5/berlin-database-of-emotional-speech-emodb/versions/1/wav/16a01Wb.wav,angry, Der Lappen liegt auf dem Eisschrank!
/Users/krazmic/.cache/kagglehub/datasets/piyushagni5/berlin-database-of-emotional-speech-emodb/versions/1/wav/09b09Wa.wav,angry, Ich will das eben wegbringen und damit Kail was trinken gehen.
/Users/krazmic/.cache/kagglehub/datasets/piyushagni5/berlin-database-of-emotional-speech-emodb/versions/1/wav/09a01Fa.wav,happy, Der Lappen liegt auf den Weischrank!
/Users/krazmic/.cache/kagglehub/datasets/piyushagni5/berlin-database-of-emotional-speech-emodb/versions/1/wav/16b09Fb.wav,happy, Ich will das eben wegbringen und dann mit Karl was trinken gehen.
/Users/krazmic/.cache/kagglehub/datasets/piyushagni5/berlin-database-of-emotional-speech-emodb/versions/1/wav/03b10Wc.wav,angry," Die wird auf dem Platz sein, wo wir sie immer hinlegen."
/Users/krazmic/.cache/kagglehub/datasets/piyushagni5/berlin-database-of-emotional-speech-emodb/versions/1/wav/15a07Fb.wav,happy, In sieben Stunden wird es so weit sein.
/Users/krazmic/.cache/kagglehub/datasets/piyushagni5/berlin-database-of-emotional-speech-emodb/versions/1/wav/15b03Tc.wav,sad, An den Wochenenden bin ich jetzt. Immer nach Hause gefahren und aber Agnes besucht.
/Users/krazmic/.cache/kagglehub/datasets/piyushagni5/berlin-database-of-emotional-speech-emodb/versions/1/wav/13a05Aa.wav,fear, Das Schwarzblatt Papier befindet sich da oben neben dem Holzschick.
/Users/krazmic/.cache/kagglehub/datasets/piyushagni5/berlin-database-of-emotional-speech-emodb/versions/1/wav/08a05Fe.wav,happy, Das Schwarze Blatt Papier befindet sich da oben neben dem Holzstück.
/Users/krazmic/.cache/kagglehub/datasets/piyushagni5/berlin-database-of-emotional-speech-emodb/versions/1/wav/14a02Ab.wav,fear, Das will sie damit vorhaben gehen.
/Users/krazmic/.cache/kagglehub/datasets/piyushagni5/berlin-database-of-emotional-speech-emodb/versions/1/wav/12a07Ac.wav,fear, In siebstunden fährt das so weit sein.
/Users/krazmic/.cache/kagglehub/datasets/piyushagni5/berlin-database-of-emotional-speech-emodb/versions/1/wav/10a02Wa.wav,angry, Das will sie am Mittwoch abgeben.
/Users/krazmic/.cache/kagglehub/datasets/piyushagni5/berlin-database-of-emotional-speech-emodb/versions/1/wav/16b03Ea.wav,disgust, An den Wochenenden bin ich jetzt immer nach Hause gefahren und habe Agnes besucht.
/Users/krazmic/.cache/kagglehub/datasets/piyushagni5/berlin-database-of-emotional-speech-emodb/versions/1/wav/15b10Nc.wav,neutral," Die wird auf dem Platz sein, wo wir sie immer hinlegen."
/Users/krazmic/.cache/kagglehub/datasets/piyushagni5/berlin-database-of-emotional-speech-emodb/versions/1/wav/08a02Ac.wav,fear, Das will sie mitfach abgeben.
/Users/krazmic/.cache/kagglehub/datasets/piyushagni5/berlin-database-of-emotional-speech-emodb/versions/1/wav/11b03Wa.wav,angry, An den Wochenenden bin ich jetzt immer nach Hause gefahren und habe Agnes besucht.
/Users/krazmic/.cache/kagglehub/datasets/piyushagni5/berlin-database-of-emotional-speech-emodb/versions/1/wav/16a02Ea.wav,disgust, Das will sie mit Woche abgeben.
/Users/krazmic/.cache/kagglehub/datasets/piyushagni5/berlin-database-of-emotional-speech-emodb/versions/1/wav/08b01Aa.wav,fear," Was sind denn das Betüten, die da unter dem Tisch stehen?"
/Users/krazmic/.cache/kagglehub/datasets/piyushagni5/berlin-database-of-emotional-speech-emodb/versions/1/wav/11a02Nc.wav,neutral, Das will Sie damit auch abgeben.
/Users/krazmic/.cache/kagglehub/datasets/piyushagni5/berlin-database-of-emotional-speech-emodb/versions/1/wav/08a02Tb.wav,sad, dass wir sie am Mittwoch abgeben.
/Users/krazmic/.cache/kagglehub/datasets/piyushagni5/berlin-database-of-emotional-speech-emodb/versions/1/wav/16a05Wb.wav,angry, Das Schwarze Blatt Papier befindet sich da oben neben dem Haltstück.
/Users/krazmic/.cache/kagglehub/datasets/piyushagni5/berlin-database-of-emotional-speech-emodb/versions/1/wav/15b10Wa.wav,angry," Die wird auf dem Platz sein, wo wir sie immer hinlegen."
/Users/krazmic/.cache/kagglehub/datasets/piyushagni5/berlin-database-of-emotional-speech-emodb/versions/1/wav/16a07Nb.wav,neutral, 7 Stunden wird es soweit sein.
/Users/krazmic/.cache/kagglehub/datasets/piyushagni5/berlin-database-of-emotional-speech-emodb/versions/1/wav/03a02Ta.wav,sad, das will sie am Mittwoch abgeben.
/Users/krazmic/.cache/kagglehub/datasets/piyushagni5/berlin-database-of-emotional-speech-emodb/versions/1/wav/15b09Nb.wav,neutral, Ich will das im Weg bringen und dann mit Kahl was trinken gehen.
/Users/krazmic/.cache/kagglehub/datasets/piyushagni5/berlin-database-of-emotional-speech-emodb/versions/1/wav/14b02Fb.wav,happy, Sie haben es gerade hochgetragen und jetzt gehen sie wieder runter.
/Users/krazmic/.cache/kagglehub/datasets/piyushagni5/berlin-database-of-emotional-speech-emodb/versions/1/wav/14b09Wa.wav,angry, Ich will das eben wegbringen und dann mit Kahl was trinken gehen.
/Users/krazmic/.cache/kagglehub/datasets/piyushagni5/berlin-database-of-emotional-speech-emodb/versions/1/wav/03a05Fc.wav,happy, Das schwarze Plattpapier befindet sich da oben neben dem Holzstück.
/Users/krazmic/.cache/kagglehub/datasets/piyushagni5/berlin-database-of-emotional-speech-emodb/versions/1/wav/14a04Aa.wav,fear, Heute Abend könnte ich es ihm sagen.
/Users/krazmic/.cache/kagglehub/datasets/piyushagni5/berlin-database-of-emotional-speech-emodb/versions/1/wav/08b02Ff.wav,happy, Sie haben es gerade hochgetragen und jetzt gehen Sie wieder runter.
/Users/krazmic/.cache/kagglehub/datasets/piyushagni5/berlin-database-of-emotional-speech-emodb/versions/1/wav/08a01Fd.wav,happy, Der Latten liegt auf dem Eisschrank.
/Users/krazmic/.cache/kagglehub/datasets/piyushagni5/berlin-database-of-emotional-speech-emodb/versions/1/wav/03a07Fa.wav,happy, In sieben Stunden wird es soweit sein.
/Users/krazmic/.cache/kagglehub/datasets/piyushagni5/berlin-database-of-emotional-speech-emodb/versions/1/wav/11a04Nd.wav,neutral, Heute Abend könnte ich es ihm sagen.
/Users/krazmic/.cache/kagglehub/datasets/piyushagni5/berlin-database-of-emotional-speech-emodb/versions/1/wav/08b03Tc.wav,sad, An den Wochenenden bin ich jetzt immer nach Hause gefahren und habe Agnes besucht.
/Users/krazmic/.cache/kagglehub/datasets/piyushagni5/berlin-database-of-emotional-speech-emodb/versions/1/wav/11b03Nb.wav,neutral, An den Wochenenden bin ich jetzt immer nach Hause gefahren und habe Agnes besucht.
/Users/krazmic/.cache/kagglehub/datasets/piyushagni5/berlin-database-of-emotional-speech-emodb/versions/1/wav/16b01Eb.wav,disgust," Was sind denn das für Tüten, die da unter dem Tisch stehen?"
/Users/krazmic/.cache/kagglehub/datasets/piyushagni5/berlin-database-of-emotional-speech-emodb/versions/1/wav/16a05Wc.wav,angry, Das schwarze Blattpapier befindet sich da oben neben dem Holzstück.
/Users/krazmic/.cache/kagglehub/datasets/piyushagni5/berlin-database-of-emotional-speech-emodb/versions/1/wav/08a02Ab.wav,fear, Das will sie ja mit hoch abgeben.
/Users/krazmic/.cache/kagglehub/datasets/piyushagni5/berlin-database-of-emotional-speech-emodb/versions/1/wav/15b10Nb.wav,neutral," Die wird auf dem Platz sein, wo wir sie mal hinlegen."
/Users/krazmic/.cache/kagglehub/datasets/piyushagni5/berlin-database-of-emotional-speech-emodb/versions/1/wav/16a07Wa.wav,angry, In sieben Stunden wird es so weit sein!
/Users/krazmic/.cache/kagglehub/datasets/piyushagni5/berlin-database-of-emotional-speech-emodb/versions/1/wav/14b10Nb.wav,neutral," Die wird auf dem Platz sein, wo wir sie immerhin legen."
/Users/krazmic/.cache/kagglehub/datasets/piyushagni5/berlin-database-of-emotional-speech-emodb/versions/1/wav/11b03Wb.wav,angry, An den Wochenenden bin ich jetzt immer nach Hause gefahren und habe Agnes besucht.
/Users/krazmic/.cache/kagglehub/datasets/piyushagni5/berlin-database-of-emotional-speech-emodb/versions/1/wav/10b03Wb.wav,angry," An den Wochenenden bin ich jetzt immer nach Hause gefahren, das habe ich auch das Besuch!"
/Users/krazmic/.cache/kagglehub/datasets/piyushagni5/berlin-database-of-emotional-speech-emodb/versions/1/wav/11b10Td.wav,sad," Die wird auf dem Platz sein, wo wir sie immerhin legen."
/Users/krazmic/.cache/kagglehub/datasets/piyushagni5/berlin-database-of-emotional-speech-emodb/versions/1/wav/11b10Ae.wav,fear, Die wird auf dem Platz sein. Woher sieht man hin?
/Users/krazmic/.cache/kagglehub/datasets/piyushagni5/berlin-database-of-emotional-speech-emodb/versions/1/wav/09b03Ta.wav,sad, An den Wochenenden bin ich jetzt immer nach Hause gefahren und habe Argendes besucht.
/Users/krazmic/.cache/kagglehub/datasets/piyushagni5/berlin-database-of-emotional-speech-emodb/versions/1/wav/13b03Fd.wav,happy," An den Wochenenden blick ich jetzt immer nach Hause gefahren, dann habe Agnes besucht."
/Users/krazmic/.cache/kagglehub/datasets/piyushagni5/berlin-database-of-emotional-speech-emodb/versions/1/wav/09b09Nd.wav,neutral, Ich will das im Weg bringen und dann mit K-Wass trinken gehen.
/Users/krazmic/.cache/kagglehub/datasets/piyushagni5/berlin-database-of-emotional-speech-emodb/versions/1/wav/14a04Tb.wav,sad, Heute Abend könnte ich es im Sagen.
/Users/krazmic/.cache/kagglehub/datasets/piyushagni5/berlin-database-of-emotional-speech-emodb/versions/1/wav/13b09Ec.wav,disgust, Ich will das eben wegbringen und dann mit Kail was trinken gehen.
/Users/krazmic/.cache/kagglehub/datasets/piyushagni5/berlin-database-of-emotional-speech-emodb/versions/1/wav/15a04Ac.wav,fear, Heute Abend könnte ich es im Sagen!
/Users/krazmic/.cache/kagglehub/datasets/piyushagni5/berlin-database-of-emotional-speech-emodb/versions/1/wav/10b09Ad.wav,fear," Ich will es eben wegbringen, damit Karl was trinken geht."
/Users/krazmic/.cache/kagglehub/datasets/piyushagni5/berlin-database-of-emotional-speech-emodb/versions/1/wav/11b09Ad.wav,fear, Ich will das eben wegbringen und dann mit Kalfas trinken gehen.
/Users/krazmic/.cache/kagglehub/datasets/piyushagni5/berlin-database-of-emotional-speech-emodb/versions/1/wav/14b09Wc.wav,angry, Ich will das eben wegbringen und damit kalber's trinken gehen.
/Users/krazmic/.cache/kagglehub/datasets/piyushagni5/berlin-database-of-emotional-speech-emodb/versions/1/wav/15b09Wb.wav,angry, Ich will das eben wegbringen und dann mit Kail was trinken gehen.
/Users/krazmic/.cache/kagglehub/datasets/piyushagni5/berlin-database-of-emotional-speech-emodb/versions/1/wav/13a01Ac.wav,fear, Der Lappen liegt auf dem Eidschrank.
/Users/krazmic/.cache/kagglehub/datasets/piyushagni5/berlin-database-of-emotional-speech-emodb/versions/1/wav/15a04Ab.wav,fear, Heute Abend könnte ich es ihm sagen.
/Users/krazmic/.cache/kagglehub/datasets/piyushagni5/berlin-database-of-emotional-speech-emodb/versions/1/wav/14a04Tc.wav,sad, Heute Abend könnte ich es ihm sagen.
/Users/krazmic/.cache/kagglehub/datasets/piyushagni5/berlin-database-of-emotional-speech-emodb/versions/1/wav/13a04Fc.wav,happy, Heute Abend könnte ich es ihm sagen.
/Users/krazmic/.cache/kagglehub/datasets/piyushagni5/berlin-database-of-emotional-speech-emodb/versions/1/wav/11b09Td.wav,sad, Ich will das eben wegbringen und dann mit Kavas trinken gehen.
/Users/krazmic/.cache/kagglehub/datasets/piyushagni5/berlin-database-of-emotional-speech-emodb/versions/1/wav/15a01Fb.wav,happy, Der Lappen liegt auf dem Eisschrank.
/Users/krazmic/.cache/kagglehub/datasets/piyushagni5/berlin-database-of-emotional-speech-emodb/versions/1/wav/03a07Fb.wav,happy, In sieben Stunden wird es so weit sein.
/Users/krazmic/.cache/kagglehub/datasets/piyushagni5/berlin-database-of-emotional-speech-emodb/versions/1/wav/03b03Tc.wav,sad, An den Wochenenden bin ich jetzt immer nach Hause gefahren und habe Arktnis besucht.
/Users/krazmic/.cache/kagglehub/datasets/piyushagni5/berlin-database-of-emotional-speech-emodb/versions/1/wav/13b10Ec.wav,disgust," Die wird auf dem Platz sein, wo wir sie immerhin legen."
/Users/krazmic/.cache/kagglehub/datasets/piyushagni5/berlin-database-of-emotional-speech-emodb/versions/1/wav/14b10Wc.wav,angry," Die wird auf dem Platz sein, wo wir sie immer hinlegen."
/Users/krazmic/.cache/kagglehub/datasets/piyushagni5/berlin-database-of-emotional-speech-emodb/versions/1/wav/11b10Ad.wav,fear, Die wird auf dem Platz sein. Wo wir sie immer hinlegen.
/Users/krazmic/.cache/kagglehub/datasets/piyushagni5/berlin-database-of-emotional-speech-emodb/versions/1/wav/14a07Fd.wav,happy, In sieben Stunden wird es so weit sein.
/Users/krazmic/.cache/kagglehub/datasets/piyushagni5/berlin-database-of-emotional-speech-emodb/versions/1/wav/10a02Na.wav,neutral, das will sie mit hoch abgeben.
/Users/krazmic/.cache/kagglehub/datasets/piyushagni5/berlin-database-of-emotional-speech-emodb/versions/1/wav/16a02Ec.wav,disgust, Das will sie am Mittwoch abgeben.
/Users/krazmic/.cache/kagglehub/datasets/piyushagni5/berlin-database-of-emotional-speech-emodb/versions/1/wav/09b10Nd.wav,neutral," Die wird auf dem Platz sein, wo wir sie immer hinlegen."
/Users/krazmic/.cache/kagglehub/datasets/piyushagni5/berlin-database-of-emotional-speech-emodb/versions/1/wav/11b01Nc.wav,neutral," Was sind denn das für Tüten, die da unter dem Tisch stehen?"
/Users/krazmic/.cache/kagglehub/datasets/piyushagni5/berlin-database-of-emotional-speech-emodb/versions/1/wav/14b03Ad.wav,fear, An den Wochenenden bin ich jetzt immer nach Hause gefahren und habe Agnes besucht.
/Users/krazmic/.cache/kagglehub/datasets/piyushagni5/berlin-database-of-emotional-speech-emodb/versions/1/wav/11a02Wc.wav,angry, Das will sie am Mittwoch abgeben.
/Users/krazmic/.cache/kagglehub/datasets/piyushagni5/berlin-database-of-emotional-speech-emodb/versions/1/wav/03a04Ad.wav,fear, Heute Abend könnte ich sie ihm sagen.
/Users/krazmic/.cache/kagglehub/datasets/piyushagni5/berlin-database-of-emotional-speech-emodb/versions/1/wav/12b10Wa.wav,angry," Die wird auf dem Platz sein, wo wir sie immer hinlegen."
/Users/krazmic/.cache/kagglehub/datasets/piyushagni5/berlin-database-of-emotional-speech-emodb/versions/1/wav/10a05Wb.wav,angry, Das schwarze Blattpapier befindet sich da oben neben dem Holzbick!
/Users/krazmic/.cache/kagglehub/datasets/piyushagni5/berlin-database-of-emotional-speech-emodb/versions/1/wav/13b10Wa.wav,angry," Die wird auf dem Platz sein, wo wir sie immerhin legen."
/Users/krazmic/.cache/kagglehub/datasets/piyushagni5/berlin-database-of-emotional-speech-emodb/versions/1/wav/08a05Ta.wav,sad, Das schwarze Blattpapier befindet sich da oben neben dem Holzstück.
/Users/krazmic/.cache/kagglehub/datasets/piyushagni5/berlin-database-of-emotional-speech-emodb/versions/1/wav/13b10Nc.wav,neutral," Die wird auf dem Platz sein, wo wir sie immerhin legen."
/Users/krazmic/.cache/kagglehub/datasets/piyushagni5/berlin-database-of-emotional-speech-emodb/versions/1/wav/14a01Aa.wav,fear, Der Lappen liegt auf dem Eisschrank.
/Users/krazmic/.cache/kagglehub/datasets/piyushagni5/berlin-database-of-emotional-speech-emodb/versions/1/wav/12b02Fb.wav,happy, Sie haben es gerade hochgetragen und jetzt gehen Sie wieder runter.
/Users/krazmic/.cache/kagglehub/datasets/piyushagni5/berlin-database-of-emotional-speech-emodb/versions/1/wav/13b02Fb.wav,happy, Sie haben es gerade hochgetragen und jetzt gehen Sie wieder runter.
/Users/krazmic/.cache/kagglehub/datasets/piyushagni5/berlin-database-of-emotional-speech-emodb/versions/1/wav/11a01Nd.wav,neutral, Der Lappen liegt auf dem Eisschrank.
/Users/krazmic/.cache/kagglehub/datasets/piyushagni5/berlin-database-of-emotional-speech-emodb/versions/1/wav/13a04Ta.wav,sad, Heute Abend könnt ich es ihm sagen.
/Users/krazmic/.cache/kagglehub/datasets/piyushagni5/berlin-database-of-emotional-speech-emodb/versions/1/wav/09a04Fd.wav,happy, Heute an könnt ich sie sagen.
/Users/krazmic/.cache/kagglehub/datasets/piyushagni5/berlin-database-of-emotional-speech-emodb/versions/1/wav/03a05Tc.wav,sad, Das schwarze Plattpapier befindet sich da oben neben dem Holzstück.
/Users/krazmic/.cache/kagglehub/datasets/piyushagni5/berlin-database-of-emotional-speech-emodb/versions/1/wav/13b09Wa.wav,angry, Ich will das eben wegbringen und dann mit Kahl was trinken den.
/Users/krazmic/.cache/kagglehub/datasets/piyushagni5/berlin-database-of-emotional-speech-emodb/versions/1/wav/15b02Tc.wav,sad, Sie haben es gerade hochgetragen und jetzt gehen Sie wieder runter.
/Users/krazmic/.cache/kagglehub/datasets/piyushagni5/berlin-database-of-emotional-speech-emodb/versions/1/wav/14b02Tc.wav,sad, Sie haben es gerade hochgetragen. Und jetzt gehen sie wieder runter.
/Users/krazmic/.cache/kagglehub/datasets/piyushagni5/berlin-database-of-emotional-speech-emodb/versions/1/wav/14b09Ea.wav,disgust, Ich will das eben wegbringen und dann mit Kyl was trinken gehen.
/Users/krazmic/.cache/kagglehub/datasets/piyushagni5/berlin-database-of-emotional-speech-emodb/versions/1/wav/16a07Ea.wav,disgust, In sieben Stunden wird es so weit sein.
/Users/krazmic/.cache/kagglehub/datasets/piyushagni5/berlin-database-of-emotional-speech-emodb/versions/1/wav/11a05Na.wav,neutral, Das schwarze Blatt Papier befindet sich da oben neben dem Holzstück.
/Users/krazmic/.cache/kagglehub/datasets/piyushagni5/berlin-database-of-emotional-speech-emodb/versions/1/wav/16b01Wb.wav,angry," Was sind denn das für Tüten, die da unter dem Tisch stehen?"
/Users/krazmic/.cache/kagglehub/datasets/piyushagni5/berlin-database-of-emotional-speech-emodb/versions/1/wav/16b03Nb.wav,neutral, An den Wochenenden bin ich jetzt immer nach Hause gefahren und habe Agenes besucht.
/Users/krazmic/.cache/kagglehub/datasets/piyushagni5/berlin-database-of-emotional-speech-emodb/versions/1/wav/08a07Tb.wav,sad, In 7 Stunden wird es so weit sein.
/Users/krazmic/.cache/kagglehub/datasets/piyushagni5/berlin-database-of-emotional-speech-emodb/versions/1/wav/11b01Eb.wav,disgust," Was sind denn das für Tüten, die da unter dem Tisch stehen?"
/Users/krazmic/.cache/kagglehub/datasets/piyushagni5/berlin-database-of-emotional-speech-emodb/versions/1/wav/16a02Nb.wav,neutral, das will sie mitfach abgeben.
/Users/krazmic/.cache/kagglehub/datasets/piyushagni5/berlin-database-of-emotional-speech-emodb/versions/1/wav/13b03Td.wav,sad, An den Wochenenden bin ich jetzt immer nach Hause gefahren und habe Akknes besucht.
/Users/krazmic/.cache/kagglehub/datasets/piyushagni5/berlin-database-of-emotional-speech-emodb/versions/1/wav/09b03Fa.wav,happy, An den Wochenenden bin ich jetzt immer nach Hause gefahren und habe ein eigenes versucht.
/Users/krazmic/.cache/kagglehub/datasets/piyushagni5/berlin-database-of-emotional-speech-emodb/versions/1/wav/14a02Fd.wav,happy, Das will sie mitwachen abgeben.
/Users/krazmic/.cache/kagglehub/datasets/piyushagni5/berlin-database-of-emotional-speech-emodb/versions/1/wav/03a04Fd.wav,happy, Heute Abend könnt ich's ihm sagen.
/Users/krazmic/.cache/kagglehub/datasets/piyushagni5/berlin-database-of-emotional-speech-emodb/versions/1/wav/16a05Ea.wav,disgust, Das schwarze Blattpapier befindet sich da oben neben dem Holzstück.
/Users/krazmic/.cache/kagglehub/datasets/piyushagni5/berlin-database-of-emotional-speech-emodb/versions/1/wav/14b10Eb.wav,disgust," die wird auf dem Platz sein, wo wir sie immer hinlegen."
/Users/krazmic/.cache/kagglehub/datasets/piyushagni5/berlin-database-of-emotional-speech-emodb/versions/1/wav/16a02Wb.wav,angry, Das will sie am Mittwoch abgeben.
/Users/krazmic/.cache/kagglehub/datasets/piyushagni5/berlin-database-of-emotional-speech-emodb/versions/1/wav/09a05Tb.wav,sad, Das schwarze Blattpapier befindet sich da oben neben dem Holstück.
/Users/krazmic/.cache/kagglehub/datasets/piyushagni5/berlin-database-of-emotional-speech-emodb/versions/1/wav/11a07Wc.wav,angry, In sieben Stunden wird es so weit sein.
/Users/krazmic/.cache/kagglehub/datasets/piyushagni5/berlin-database-of-emotional-speech-emodb/versions/1/wav/16b03Wb.wav,angry, An den Wochenenden bin ich jetzt immer nach Hause gefahren und habe Agnes besucht.
/Users/krazmic/.cache/kagglehub/datasets/piyushagni5/berlin-database-of-emotional-speech-emodb/versions/1/wav/16b10Td.wav,sad," die wird auf dem Platz sein, wo wir sie immer hinlegen."
/Users/krazmic/.cache/kagglehub/datasets/piyushagni5/berlin-database-of-emotional-speech-emodb/versions/1/wav/13a04Ac.wav,fear, Hat er abend könnte ich es im Sagen?
/Users/krazmic/.cache/kagglehub/datasets/piyushagni5/berlin-database-of-emotional-speech-emodb/versions/1/wav/12b09Wc.wav,angry, Ich will das eben wegbringen und dann mit KW strengen gehen.
/Users/krazmic/.cache/kagglehub/datasets/piyushagni5/berlin-database-of-emotional-speech-emodb/versions/1/wav/13b09Na.wav,neutral, Ich will das eben wegbringen und dann mit Karl was trinken gehen.
/Users/krazmic/.cache/kagglehub/datasets/piyushagni5/berlin-database-of-emotional-speech-emodb/versions/1/wav/15b02Aa.wav,fear, Sie haben es gerade hochgetragen und jetzt gehen sie wieder runter.
/Users/krazmic/.cache/kagglehub/datasets/piyushagni5/berlin-database-of-emotional-speech-emodb/versions/1/wav/08a04Ff.wav,happy, Heute Abend könnte ich es ihm sagen.
/Users/krazmic/.cache/kagglehub/datasets/piyushagni5/berlin-database-of-emotional-speech-emodb/versions/1/wav/14b02Aa.wav,fear, Sie haben das gerade hochgetragen und jetzt gehen sie wieder runter.
/Users/krazmic/.cache/kagglehub/datasets/piyushagni5/berlin-database-of-emotional-speech-emodb/versions/1/wav/11b09Fd.wav,happy, Ich will das eben wegbringen und dann mit Kahl was trinken gehen.
/Users/krazmic/.cache/kagglehub/datasets/piyushagni5/berlin-database-of-emotional-speech-emodb/versions/1/wav/03a02Fc.wav,happy, Das will sie am Mittwoch abgeben.
/Users/krazmic/.cache/kagglehub/datasets/piyushagni5/berlin-database-of-emotional-speech-emodb/versions/1/wav/03a05Aa.wav,fear, Das schwarze Plattpapier befindet sich da oben neben dem Holzstück.
/Users/krazmic/.cache/kagglehub/datasets/piyushagni5/berlin-database-of-emotional-speech-emodb/versions/1/wav/12a01Fb.wav,happy, Der Lappen liegt auf dem Allschrank.
/Users/krazmic/.cache/kagglehub/datasets/piyushagni5/berlin-database-of-emotional-speech-emodb/versions/1/wav/03b01Fa.wav,happy," Was sind denn das Vertüten, die da unter dem Tisch stehen?"
/Users/krazmic/.cache/kagglehub/datasets/piyushagni5/berlin-database-of-emotional-speech-emodb/versions/1/wav/14a01Ac.wav,fear, Wir ladden liegt auf dem Eisschrank.
/Users/krazmic/.cache/kagglehub/datasets/piyushagni5/berlin-database-of-emotional-speech-emodb/versions/1/wav/11a02Ec.wav,disgust, und das will sie am Mittwoch abgeben.
/Users/krazmic/.cache/kagglehub/datasets/piyushagni5/berlin-database-of-emotional-speech-emodb/versions/1/wav/10a07Wb.wav,angry, In 7 Stunden wird das so verzahlen!
/Users/krazmic/.cache/kagglehub/datasets/piyushagni5/berlin-database-of-emotional-speech-emodb/versions/1/wav/13a02Ad.wav,fear, Das will sie mitfach abgeben.
/Users/krazmic/.cache/kagglehub/datasets/piyushagni5/berlin-database-of-emotional-speech-emodb/versions/1/wav/16b01Wa.wav,angry," Was sind denn das für Tüten, die da unter dem Tisch stehen?"
/Users/krazmic/.cache/kagglehub/datasets/piyushagni5/berlin-database-of-emotional-speech-emodb/versions/1/wav/08a07Ta.wav,sad, In sieben Stunden wird es so weit sein.
/Users/krazmic/.cache/kagglehub/datasets/piyushagni5/berlin-database-of-emotional-speech-emodb/versions/1/wav/13b10Wc.wav,angry," Die wird auf dem Platz sein, wo wir sie immer hinlegen."
/Users/krazmic/.cache/kagglehub/datasets/piyushagni5/berlin-database-of-emotional-speech-emodb/versions/1/wav/10b01Ea.wav,disgust," Das sind das für Tüten, die da unter dem Tisch stehen."
/Users/krazmic/.cache/kagglehub/datasets/piyushagni5/berlin-database-of-emotional-speech-emodb/versions/1/wav/09a07Ta.wav,sad, In sieben Stunden wird es soweit sein.
/Users/krazmic/.cache/kagglehub/datasets/piyushagni5/berlin-database-of-emotional-speech-emodb/versions/1/wav/13a07Fd.wav,happy, In sieben Stunden wird es so weit sein.
/Users/krazmic/.cache/kagglehub/datasets/piyushagni5/berlin-database-of-emotional-speech-emodb/versions/1/wav/09b03Fd.wav,happy, An den Wochenenden bin ich jetzt immer nach Hause gefahren und da habe Argendes besucht.
/Users/krazmic/.cache/kagglehub/datasets/piyushagni5/berlin-database-of-emotional-speech-emodb/versions/1/wav/14a05Ac.wav,fear, Das Schwarze Blattbapier befindet sich da oben. Nehmen wir mal ein Stück.
/Users/krazmic/.cache/kagglehub/datasets/piyushagni5/berlin-database-of-emotional-speech-emodb/versions/1/wav/11a05Wd.wav,angry, Das schwarze Blattpapier befindet sich da oben neben dem Holzstück.
/Users/krazmic/.cache/kagglehub/datasets/piyushagni5/berlin-database-of-emotional-speech-emodb/versions/1/wav/12b03Ta.wav,sad, An den Wochenenden bin ich jetzt immer nach Hause gefahren und habe Agnes besucht.
/Users/krazmic/.cache/kagglehub/datasets/piyushagni5/berlin-database-of-emotional-speech-emodb/versions/1/wav/13b01Ab.wav,fear," Was sind denn das Betüten, die da unter dem Tisch stehen?"
/Users/krazmic/.cache/kagglehub/datasets/piyushagni5/berlin-database-of-emotional-speech-emodb/versions/1/wav/13a02Ta.wav,sad, das wir sie am Mittwoch abgeben.
/Users/krazmic/.cache/kagglehub/datasets/piyushagni5/berlin-database-of-emotional-speech-emodb/versions/1/wav/03b02Tb.wav,sad, Sie haben es gerade hochgetragen. Und jetzt gehen Sie wieder runter.
/Users/krazmic/.cache/kagglehub/datasets/piyushagni5/berlin-database-of-emotional-speech-emodb/versions/1/wav/14a07Aa.wav,fear, In sieben Stunden wird es weit sein.
/Users/krazmic/.cache/kagglehub/datasets/piyushagni5/berlin-database-of-emotional-speech-emodb/versions/1/wav/14b01Fc.wav,happy," Was sind denn das Betüten, die da unter dem Tisch stehen?"
/Users/krazmic/.cache/kagglehub/datasets/piyushagni5/berlin-database-of-emotional-speech-emodb/versions/1/wav/08a01Ab.wav,fear, Der Lappen liegt auf dem Eisrank.
/Users/krazmic/.cache/kagglehub/datasets/piyushagni5/berlin-database-of-emotional-speech-emodb/versions/1/wav/10a01Nb.wav,neutral, Der Latten liegt auf dem Eisschrank.
/Users/krazmic/.cache/kagglehub/datasets/piyushagni5/berlin-database-of-emotional-speech-emodb/versions/1/wav/16a04Nc.wav,neutral, Heute Abend könnte ich es ihm sagen.
/Users/krazmic/.cache/kagglehub/datasets/piyushagni5/berlin-database-of-emotional-speech-emodb/versions/1/wav/16b02Eb.wav,disgust, Sie haben es gerade hochgetragen und jetzt gehen Sie wieder runter.
/Users/krazmic/.cache/kagglehub/datasets/piyushagni5/berlin-database-of-emotional-speech-emodb/versions/1/wav/11b02Wb.wav,angry, Sie haben es gerade hochgetragen und jetzt gehen Sie wieder runter.
/Users/krazmic/.cache/kagglehub/datasets/piyushagni5/berlin-database-of-emotional-speech-emodb/versions/1/wav/10b02Wb.wav,angry, Sie haben es gerade hochgetragen und jetzt gehen sie wieder runter!
/Users/krazmic/.cache/kagglehub/datasets/piyushagni5/berlin-database-of-emotional-speech-emodb/versions/1/wav/11b02Na.wav,neutral, Sie haben es gerade hochgetragen und jetzt gehen Sie wieder runter.
/Users/krazmic/.cache/kagglehub/datasets/piyushagni5/berlin-database-of-emotional-speech-emodb/versions/1/wav/10b02Na.wav,neutral, Sie haben es gerade hochgetragen und jetzt gehen sie wieder runter.
/Users/krazmic/.cache/kagglehub/datasets/piyushagni5/berlin-database-of-emotional-speech-emodb/versions/1/wav/10a01Wa.wav,angry, Der Latten legst auf dem Eis schrink!
/Users/krazmic/.cache/kagglehub/datasets/piyushagni5/berlin-database-of-emotional-speech-emodb/versions/1/wav/14a05Tc.wav,sad, Das Schwarzeblattpapier befindet sich da oben. Nehm'n dem Holzstück.
/Users/krazmic/.cache/kagglehub/datasets/piyushagni5/berlin-database-of-emotional-speech-emodb/versions/1/wav/08a02Fe.wav,happy, Das will sie ja mit vorab geben.
/Users/krazmic/.cache/kagglehub/datasets/piyushagni5/berlin-database-of-emotional-speech-emodb/versions/1/wav/08b03Fe.wav,happy, An den Wochenenden bin ich jetzt immer nach Hause gefahren und habe Agnes besucht.
/Users/krazmic/.cache/kagglehub/datasets/piyushagni5/berlin-database-of-emotional-speech-emodb/versions/1/wav/16b10Aa.wav,fear," die wird auf dem Platz sein, wo wir immer hinlegen."
/Users/krazmic/.cache/kagglehub/datasets/piyushagni5/berlin-database-of-emotional-speech-emodb/versions/1/wav/14a07Tc.wav,sad, In sieben Stunden wird es weizellen.
/Users/krazmic/.cache/kagglehub/datasets/piyushagni5/berlin-database-of-emotional-speech-emodb/versions/1/wav/08b01Fe.wav,happy," Was sind denn das Vetyten, die da unter dem Tisch stehen?"
/Users/krazmic/.cache/kagglehub/datasets/piyushagni5/berlin-database-of-emotional-speech-emodb/versions/1/wav/12a02Ac.wav,fear," Das weiss ja mit, wo ich abgeben."
/Users/krazmic/.cache/kagglehub/datasets/piyushagni5/berlin-database-of-emotional-speech-emodb/versions/1/wav/16b10Tb.wav,sad," Die wird auf dem Platz sein, wo wir sie immer hindehen."
/Users/krazmic/.cache/kagglehub/datasets/piyushagni5/berlin-database-of-emotional-speech-emodb/versions/1/wav/14a05Ta.wav,sad, Das schwarze Blatt Papier befindet sich der Oben neben dem Holzstück.
/Users/krazmic/.cache/kagglehub/datasets/piyushagni5/berlin-database-of-emotional-speech-emodb/versions/1/wav/13b03Ac.wav,fear, An den Wochenenden bin ich jetzt in der Nahrhausen gefahren und habe Agnes besucht.
/Users/krazmic/.cache/kagglehub/datasets/piyushagni5/berlin-database-of-emotional-speech-emodb/versions/1/wav/11a01Wc.wav,angry, Der Lappen liegt auf dem Eisrank!
/Users/krazmic/.cache/kagglehub/datasets/piyushagni5/berlin-database-of-emotional-speech-emodb/versions/1/wav/16a04Wb.wav,angry, Heute Abend könnte ich es Ihnen sagen!
/Users/krazmic/.cache/kagglehub/datasets/piyushagni5/berlin-database-of-emotional-speech-emodb/versions/1/wav/16b09Ab.wav,fear, Ich will das eben wegbringen und damit kalber Strinken gehen.
/Users/krazmic/.cache/kagglehub/datasets/piyushagni5/berlin-database-of-emotional-speech-emodb/versions/1/wav/09b02Tb.wav,sad, Sie haben es gerade hochgetragen und jetzt gehen sie wieder runter.
/Users/krazmic/.cache/kagglehub/datasets/piyushagni5/berlin-database-of-emotional-speech-emodb/versions/1/wav/16a01Ec.wav,disgust, Der Lappen liegt auf dem Eisschrank.
/Users/krazmic/.cache/kagglehub/datasets/piyushagni5/berlin-database-of-emotional-speech-emodb/versions/1/wav/15a04Fd.wav,happy, Heute Abend könnte ich es ihm sagen.
/Users/krazmic/.cache/kagglehub/datasets/piyushagni5/berlin-database-of-emotional-speech-emodb/versions/1/wav/03b10Ec.wav,disgust," Die wird auf dem Platz sein, wo wir sie immerhin legen."
/Users/krazmic/.cache/kagglehub/datasets/piyushagni5/berlin-database-of-emotional-speech-emodb/versions/1/wav/13a01Fd.wav,happy, Der Lappen liegt auf dem Eisschrank.
/Users/krazmic/.cache/kagglehub/datasets/piyushagni5/berlin-database-of-emotional-speech-emodb/versions/1/wav/09b09Ea.wav,disgust, Ich will das eben wegbringen und dann wird Kawa's trinken gehen.
/Users/krazmic/.cache/kagglehub/datasets/piyushagni5/berlin-database-of-emotional-speech-emodb/versions/1/wav/08b02Tc.wav,sad, Sie haben es gerade hochgetragen und jetzt gehen sie wieder runter.
/Users/krazmic/.cache/kagglehub/datasets/piyushagni5/berlin-database-of-emotional-speech-emodb/versions/1/wav/16a04Wc.wav,angry, Heute Abend könnte ich das ihm sagen!
/Users/krazmic/.cache/kagglehub/datasets/piyushagni5/berlin-database-of-emotional-speech-emodb/versions/1/wav/14b01Fa.wav,happy," Hals sind denn das für Tüten, die da unter dem Tisch stehen?"
/Users/krazmic/.cache/kagglehub/datasets/piyushagni5/berlin-database-of-emotional-speech-emodb/versions/1/wav/12b01Ta.wav,sad," Was sind denn das für Tüten, die da unter dem Tisch stehen?"
/Users/krazmic/.cache/kagglehub/datasets/piyushagni5/berlin-database-of-emotional-speech-emodb/versions/1/wav/10b10Fc.wav,happy," Die wird auf dem Platz sein, wo wir sie immerhin legen."
/Users/krazmic/.cache/kagglehub/datasets/piyushagni5/berlin-database-of-emotional-speech-emodb/versions/1/wav/15a07Ac.wav,fear, In sieben Stunden wird es soweit sein.
/Users/krazmic/.cache/kagglehub/datasets/piyushagni5/berlin-database-of-emotional-speech-emodb/versions/1/wav/08b01Fd.wav,happy," Was sind denn das für Tüten, die da unter dem Tisch stehen?"
/Users/krazmic/.cache/kagglehub/datasets/piyushagni5/berlin-database-of-emotional-speech-emodb/versions/1/wav/03b02Aa.wav,fear, Sie haben es gerade hochgetragen und jetzt gehen Sie wieder runter.
/Users/krazmic/.cache/kagglehub/datasets/piyushagni5/berlin-database-of-emotional-speech-emodb/versions/1/wav/14a05Aa.wav,fear, Das Schwarze Blatt Papier befindet sich da oben neben dem Holzstück.
